"FECHA CORTE","DEPTORESIDENCIA","CANTIDAD CREDITOS AL DIA","CANTIDAD CREDITOS CON MORA MENOR A 90 DIAS","CANTIDAD CREDITOS MORA MAYOR A 90 DIAS","TOTAL CREDITOS","SALDO CAPITAL","SALDO TOTAL","SALDO MORA","INDICADOR CARTERA VENCIDA","EPOCA CARTERA"
"2022 Mar 31 12:00:00 AM","VAUPES","0","1","2","3","$ 14,629,091","$ 16,111,879","$ 3,268,641","100%","AMORTIZACION"
"2022 Mar 31 12:00:00 AM","VICHADA","19","12","15","46","$ 554,822,061","$ 578,488,133","$ 61,244,171","34.21%","AMORTIZACION"
"2022 Mar 31 12:00:00 AM","SUCRE","3,355","1,954","1,951","7,260","$ 75,700,773,505","$ 78,230,689,291","$ 5,505,018,539","31.56%","AMORTIZACION"
"2022 Mar 31 12:00:00 AM","GUAINIA","46","24","14","84","$ 1,013,145,826","$ 1,058,404,047","$ 62,513,259","27.4%","AMORTIZACION"
"2022 Mar 31 12:00:00 AM","AMAZONAS","106","54","40","200","$ 3,246,272,835","$ 3,367,910,123","$ 164,058,506","24.85%","AMORTIZACION"
"2022 Mar 31 12:00:00 AM","CORDOBA","4,320","2,168","1,512","8,000","$ 108,711,818,623","$ 112,164,188,852","$ 4,685,756,020","22.74%","AMORTIZACION"
"2022 Mar 31 12:00:00 AM","LA GUAJIRA","800","405","249","1,454","$ 26,686,416,029","$ 27,805,394,541","$ 1,321,529,779","22.72%","AMORTIZACION"
"2022 Mar 31 12:00:00 AM","ARAUCA","895","420","213","1,528","$ 16,397,360,237","$ 16,946,231,771","$ 675,411,018","21.68%","AMORTIZACION"
"2022 Mar 31 12:00:00 AM","MAGDALENA","1,545","804","448","2,797","$ 42,405,327,719","$ 44,246,506,655","$ 1,599,720,162","20.41%","AMORTIZACION"
"2022 Mar 31 12:00:00 AM","BOLIVAR","5,011","2,403","1,662","9,076","$ 108,151,820,769","$ 113,827,997,229","$ 5,095,279,489","20.24%","AMORTIZACION"
"2022 Mar 31 12:00:00 AM","PUTUMAYO","1,186","534","336","2,056","$ 21,315,214,407","$ 22,200,287,252","$ 1,133,437,218","19.58%","AMORTIZACION"
"2022 Mar 31 12:00:00 AM","CHOCO","101","47","30","178","$ 2,101,925,826","$ 2,173,133,866","$ 98,067,038","19.35%","AMORTIZACION"
"2022 Mar 31 12:00:00 AM","META","2,224","941","612","3,777","$ 48,917,494,026","$ 50,664,928,556","$ 2,673,038,383","18.69%","AMORTIZACION"
"2022 Mar 31 12:00:00 AM","CASANARE","1,297","645","278","2,220","$ 24,801,775,412","$ 25,663,207,077","$ 945,445,712","17.7%","AMORTIZACION"
"2022 Mar 31 12:00:00 AM","ATLANTICO","10,329","4,381","2,495","17,205","$ 319,961,832,111","$ 330,427,845,247","$ 10,886,808,427","17.63%","AMORTIZACION"
"2022 Mar 31 12:00:00 AM","CESAR","1,216","562","344","2,122","$ 32,469,032,127","$ 34,807,621,844","$ 1,243,844,116","17.49%","AMORTIZACION"
"2022 Mar 31 12:00:00 AM","SIN INFORMACION","41","10","19","70","$ 909,586,173","$ 971,964,501","$ 63,421,466","16.78%","AMORTIZACION"
"2022 Mar 31 12:00:00 AM","CAQUETA","815","359","156","1,330","$ 11,265,300,785","$ 11,515,749,194","$ 347,277,268","16.46%","AMORTIZACION"
"2022 Mar 31 12:00:00 AM","NORTE DE SANTANDER","3,173","1,161","550","4,884","$ 59,204,894,803","$ 61,206,492,052","$ 1,937,770,276","16.28%","AMORTIZACION"
"2022 Mar 31 12:00:00 AM","CAUCA","3,050","1,175","516","4,741","$ 51,734,339,056","$ 53,531,553,425","$ 1,458,684,472","14.52%","AMORTIZACION"
"2022 Mar 31 12:00:00 AM","GUAVIARE","205","93","49","347","$ 2,988,302,531","$ 3,053,655,685","$ 124,947,500","13.95%","AMORTIZACION"
"2022 Mar 31 12:00:00 AM","RISARALDA","3,241","968","378","4,587","$ 54,663,786,487","$ 56,216,433,678","$ 1,427,417,116","13.04%","AMORTIZACION"
"2022 Mar 31 12:00:00 AM","HUILA","2,359","826","336","3,521","$ 40,471,848,171","$ 43,231,634,740","$ 1,132,111,342","11.89%","AMORTIZACION"
"2022 Mar 31 12:00:00 AM","SANTANDER","7,612","2,723","974","11,309","$ 158,077,560,988","$ 163,126,022,908","$ 4,123,300,953","11.88%","AMORTIZACION"
"2022 Mar 31 12:00:00 AM","QUINDIO","1,938","638","212","2,788","$ 33,109,483,733","$ 34,020,714,812","$ 755,559,247","11.17%","AMORTIZACION"
"2022 Mar 31 12:00:00 AM","BOYACA","3,485","1,325","407","5,217","$ 78,716,590,936","$ 81,168,798,918","$ 1,758,194,614","10.94%","AMORTIZACION"
"2022 Mar 31 12:00:00 AM","TOLIMA","3,518","1,250","439","5,207","$ 60,940,107,349","$ 62,598,393,786","$ 1,425,534,645","10.8%","AMORTIZACION"
"2022 Mar 31 12:00:00 AM","NARINO","4,188","1,344","500","6,032","$ 68,920,106,272","$ 70,444,425,014","$ 1,504,464,049","10.6%","AMORTIZACION"
"2022 Mar 31 12:00:00 AM","ANTIOQUIA","10,453","3,321","1,137","14,911","$ 233,114,171,277","$ 239,124,468,040","$ 4,760,281,098","10.39%","AMORTIZACION"
"2022 Mar 31 12:00:00 AM","VALLE DEL CAUCA","12,526","3,763","1,377","17,666","$ 332,115,219,239","$ 340,139,734,409","$ 6,805,675,594","9.98%","AMORTIZACION"
"2022 Mar 31 12:00:00 AM","CALDAS","3,019","840","304","4,163","$ 59,126,112,076","$ 60,722,456,274","$ 1,095,591,848","9.81%","AMORTIZACION"
"2022 Mar 31 12:00:00 AM","CUNDINAMARCA","7,795","2,165","679","10,639","$ 188,002,125,544","$ 196,528,983,530","$ 3,402,575,281","8.43%","AMORTIZACION"
"2022 Mar 31 12:00:00 AM","DISTRITO CAPITAL","36,936","9,457","2,898","49,291","$ 986,392,120,932","$ 1,014,715,947,836","$ 17,034,319,155","7.57%","AMORTIZACION"
"2022 Mar 31 12:00:00 AM","EXTRANJERO","12","1","1","14","$ 527,701,457","$ 534,541,038","$ 1,350,832","2.74%","AMORTIZACION"
"2022 Mar 31 12:00:00 AM","SAN ANDRES","130","1","0","131","$ 2,177,061,279","$ 2,248,564,755","$ 103,824","0%","AMORTIZACION"
"2022 Mar 31 12:00:00 AM","GUAINIA","10","1","1","12","$ 273,070,949","$ 303,795,940","$ 410,772","22.29%","ESTUDIOS"
"2022 Mar 31 12:00:00 AM","AMAZONAS","79","15","2","96","$ 2,470,239,879","$ 2,919,310,748","$ 19,093,857","9.88%","ESTUDIOS"
"2022 Mar 31 12:00:00 AM","VICHADA","35","8","1","44","$ 772,823,514","$ 842,204,573","$ 2,793,813","8.26%","ESTUDIOS"
"2022 Mar 31 12:00:00 AM","ATLANTICO","16,730","3,961","525","21,216","$ 535,167,839,304","$ 596,160,687,652","$ 2,206,465,994","6.46%","ESTUDIOS"
"2022 Mar 31 12:00:00 AM","CALDAS","1,749","322","51","2,122","$ 45,486,263,970","$ 54,707,263,642","$ 183,740,773","6.24%","ESTUDIOS"
"2022 Mar 31 12:00:00 AM","MAGDALENA","3,999","673","90","4,762","$ 96,305,433,658","$ 106,206,478,347","$ 308,817,457","5.7%","ESTUDIOS"
"2022 Mar 31 12:00:00 AM","CASANARE","1,752","412","49","2,213","$ 42,229,245,720","$ 50,030,306,317","$ 154,835,713","5.7%","ESTUDIOS"
"2022 Mar 31 12:00:00 AM","CHOCO","303","34","5","342","$ 5,942,167,628","$ 6,572,381,603","$ 31,828,511","5.52%","ESTUDIOS"
"2022 Mar 31 12:00:00 AM","NORTE DE SANTANDER","2,650","505","86","3,241","$ 78,139,357,587","$ 89,271,944,594","$ 291,714,848","5.51%","ESTUDIOS"
"2022 Mar 31 12:00:00 AM","LA GUAJIRA","2,719","485","75","3,279","$ 86,120,607,253","$ 97,383,827,426","$ 272,770,318","5.48%","ESTUDIOS"
"2022 Mar 31 12:00:00 AM","BOYACA","3,524","848","114","4,486","$ 110,961,298,987","$ 131,624,641,937","$ 494,950,901","5.33%","ESTUDIOS"
"2022 Mar 31 12:00:00 AM","ARAUCA","731","169","32","932","$ 16,849,127,773","$ 19,237,339,027","$ 73,694,600","5.14%","ESTUDIOS"
"2022 Mar 31 12:00:00 AM","QUINDIO","1,249","207","29","1,485","$ 31,454,113,862","$ 37,334,907,726","$ 87,089,721","5.1%","ESTUDIOS"
"2022 Mar 31 12:00:00 AM","SANTANDER","6,867","1,418","187","8,472","$ 205,047,736,312","$ 242,625,575,872","$ 737,097,322","4.92%","ESTUDIOS"
"2022 Mar 31 12:00:00 AM","HUILA","1,925","329","49","2,303","$ 49,653,053,674","$ 57,094,343,280","$ 181,111,158","4.82%","ESTUDIOS"
"2022 Mar 31 12:00:00 AM","META","2,588","549","88","3,225","$ 72,089,873,968","$ 80,412,379,125","$ 307,684,540","4.8%","ESTUDIOS"
"2022 Mar 31 12:00:00 AM","BOLIVAR","10,718","1,271","239","12,228","$ 240,149,448,890","$ 265,260,640,641","$ 706,419,051","4.79%","ESTUDIOS"
"2022 Mar 31 12:00:00 AM","GUAVIARE","243","33","7","283","$ 4,986,434,651","$ 5,469,948,868","$ 24,513,298","4.75%","ESTUDIOS"
"2022 Mar 31 12:00:00 AM","ANTIOQUIA","9,592","1,481","220","11,293","$ 250,781,676,549","$ 306,956,202,510","$ 938,454,119","4.28%","ESTUDIOS"
"2022 Mar 31 12:00:00 AM","TOLIMA","2,744","520","58","3,322","$ 68,983,079,663","$ 79,606,611,814","$ 233,660,259","4.03%","ESTUDIOS"
"2022 Mar 31 12:00:00 AM","VALLE DEL CAUCA","11,704","2,232","264","14,200","$ 385,171,087,216","$ 455,421,274,448","$ 1,443,742,313","4.02%","ESTUDIOS"
"2022 Mar 31 12:00:00 AM","CAUCA","1,815","256","41","2,112","$ 39,995,338,628","$ 45,823,548,988","$ 117,956,241","3.94%","ESTUDIOS"
"2022 Mar 31 12:00:00 AM","DISTRITO CAPITAL","33,225","6,382","673","40,280","$ 1,149,875,040,870","$ 1,369,780,690,291","$ 4,459,210,563","3.8%","ESTUDIOS"
"2022 Mar 31 12:00:00 AM","CESAR","3,452","426","53","3,931","$ 86,503,628,174","$ 95,590,959,720","$ 240,427,044","3.74%","ESTUDIOS"
"2022 Mar 31 12:00:00 AM","RISARALDA","2,060","338","40","2,438","$ 48,789,879,019","$ 58,539,208,677","$ 192,426,219","3.71%","ESTUDIOS"
"2022 Mar 31 12:00:00 AM","CUNDINAMARCA","10,453","1,352","172","11,977","$ 277,107,018,489","$ 325,469,016,493","$ 897,403,407","3.49%","ESTUDIOS"
"2022 Mar 31 12:00:00 AM","NARINO","4,679","611","80","5,370","$ 100,199,545,996","$ 112,021,617,922","$ 208,674,439","3.19%","ESTUDIOS"
"2022 Mar 31 12:00:00 AM","PUTUMAYO","933","96","19","1,048","$ 17,597,952,651","$ 20,166,583,744","$ 36,622,539","3.08%","ESTUDIOS"
"2022 Mar 31 12:00:00 AM","CORDOBA","15,856","1,349","301","17,506","$ 332,972,518,129","$ 363,207,725,349","$ 672,038,582","2.97%","ESTUDIOS"
"2022 Mar 31 12:00:00 AM","SUCRE","15,000","1,009","261","16,270","$ 277,715,662,114","$ 300,050,251,601","$ 470,694,696","2.95%","ESTUDIOS"
"2022 Mar 31 12:00:00 AM","CAQUETA","497","64","7","568","$ 11,066,532,929","$ 12,352,157,172","$ 24,216,275","2.29%","ESTUDIOS"
"2022 Mar 31 12:00:00 AM","SAN ANDRES","221","7","1","229","$ 4,825,931,911","$ 6,465,901,172","$ 3,024,238","0.15%","ESTUDIOS"
"2022 Mar 31 12:00:00 AM","SIN INFORMACION","7","0","0","7","$ 107,709,663","$ 146,206,506","$ 0","0%","ESTUDIOS"
"2022 Mar 31 12:00:00 AM","EXTRANJERO","64","0","0","64","$ 6,053,355,502","$ 6,720,458,587","$ 0","0%","ESTUDIOS"
"2022 Mar 31 12:00:00 AM","VAUPES","13","1","0","14","$ 235,783,164","$ 278,408,557","$ 102,445","0%","ESTUDIOS"
"2022 Jun 30 12:00:00 AM","GUAINIA","9","1","2","12","$ 271,967,787","$ 307,643,911","$ 1,100,854","22.36%","ESTUDIOS"
"2022 Jun 30 12:00:00 AM","AMAZONAS","79","8","7","94","$ 2,446,287,136","$ 2,918,120,622","$ 30,910,943","19.55%","ESTUDIOS"
"2022 Jun 30 12:00:00 AM","CASANARE","1,721","252","158","2,131","$ 40,126,655,112","$ 48,203,431,004","$ 223,491,837","13.98%","ESTUDIOS"
"2022 Jun 30 12:00:00 AM","ARAUCA","749","94","76","919","$ 16,393,325,926","$ 18,864,298,597","$ 101,408,121","13.19%","ESTUDIOS"
"2022 Jun 30 12:00:00 AM","BOYACA","3,468","555","306","4,329","$ 104,237,084,768","$ 125,182,831,794","$ 615,628,594","12.65%","ESTUDIOS"
"2022 Jun 30 12:00:00 AM","ATLANTICO","17,012","2,063","1,557","20,632","$ 512,348,823,843","$ 577,031,736,830","$ 2,664,364,305","11.9%","ESTUDIOS"
"2022 Jun 30 12:00:00 AM","VICHADA","32","9","2","43","$ 762,829,278","$ 846,829,223","$ 3,247,648","10.91%","ESTUDIOS"
"2022 Jun 30 12:00:00 AM","META","2,655","315","218","3,188","$ 69,752,234,779","$ 78,781,123,396","$ 357,550,831","10.49%","ESTUDIOS"
"2022 Jun 30 12:00:00 AM","SANTANDER","6,786","859","461","8,106","$ 190,364,952,726","$ 227,522,838,217","$ 861,853,770","10.26%","ESTUDIOS"
"2022 Jun 30 12:00:00 AM","MAGDALENA","4,044","389","280","4,713","$ 94,548,780,592","$ 105,422,559,485","$ 422,685,331","9.46%","ESTUDIOS"
"2022 Jun 30 12:00:00 AM","NORTE DE SANTANDER","2,624","287","200","3,111","$ 74,838,488,475","$ 86,374,661,299","$ 279,848,711","8.94%","ESTUDIOS"
"2022 Jun 30 12:00:00 AM","HUILA","1,923","209","117","2,249","$ 47,298,914,331","$ 54,842,414,412","$ 223,827,759","8.87%","ESTUDIOS"
"2022 Jun 30 12:00:00 AM","VALLE DEL CAUCA","11,656","1,403","678","13,737","$ 362,232,451,963","$ 434,456,481,462","$ 1,651,282,818","8.82%","ESTUDIOS"
"2022 Jun 30 12:00:00 AM","LA GUAJIRA","2,797","292","201","3,290","$ 84,884,540,133","$ 96,657,380,996","$ 331,860,176","8.78%","ESTUDIOS"
"2022 Jun 30 12:00:00 AM","CALDAS","1,749","210","106","2,065","$ 42,768,828,034","$ 52,159,862,308","$ 190,035,949","8.73%","ESTUDIOS"
"2022 Jun 30 12:00:00 AM","DISTRITO CAPITAL","33,284","3,876","1,847","39,007","$ 1,079,049,959,215","$ 1,304,716,291,187","$ 5,102,371,682","8.62%","ESTUDIOS"
"2022 Jun 30 12:00:00 AM","RISARALDA","1,996","216","113","2,325","$ 44,806,984,992","$ 54,312,025,639","$ 228,082,248","8.57%","ESTUDIOS"
"2022 Jun 30 12:00:00 AM","TOLIMA","2,711","313","156","3,180","$ 64,761,363,682","$ 75,526,234,974","$ 273,773,612","8.54%","ESTUDIOS"
"2022 Jun 30 12:00:00 AM","QUINDIO","1,209","137","69","1,415","$ 28,927,661,148","$ 34,794,711,143","$ 116,449,086","8.41%","ESTUDIOS"
"2022 Jun 30 12:00:00 AM","BOLIVAR","10,741","754","551","12,046","$ 234,761,971,494","$ 262,080,838,928","$ 811,640,406","8.03%","ESTUDIOS"
"2022 Jun 30 12:00:00 AM","CESAR","3,458","316","155","3,929","$ 85,567,843,379","$ 95,669,330,163","$ 312,304,343","7.81%","ESTUDIOS"
"2022 Jun 30 12:00:00 AM","ANTIOQUIA","9,625","1,000","444","11,069","$ 237,952,154,472","$ 295,605,764,654","$ 1,047,934,691","7.77%","ESTUDIOS"
"2022 Jun 30 12:00:00 AM","CAUCA","1,765","167","106","2,038","$ 38,493,550,598","$ 44,598,968,136","$ 154,465,961","7.61%","ESTUDIOS"
"2022 Jun 30 12:00:00 AM","CUNDINAMARCA","10,372","892","408","11,672","$ 259,830,553,906","$ 308,813,920,648","$ 1,030,939,503","7.13%","ESTUDIOS"
"2022 Jun 30 12:00:00 AM","CHOCO","286","48","9","343","$ 6,054,361,913","$ 6,753,011,910","$ 22,300,610","6.99%","ESTUDIOS"
"2022 Jun 30 12:00:00 AM","CORDOBA","15,602","915","615","17,132","$ 325,526,155,213","$ 358,449,214,173","$ 808,325,055","5.99%","ESTUDIOS"
"2022 Jun 30 12:00:00 AM","NARINO","4,616","427","180","5,223","$ 94,827,198,536","$ 107,108,596,191","$ 276,964,330","5.76%","ESTUDIOS"
"2022 Jun 30 12:00:00 AM","SUCRE","14,679","573","571","15,823","$ 269,680,081,547","$ 294,275,798,796","$ 577,001,617","5.75%","ESTUDIOS"
"2022 Jun 30 12:00:00 AM","GUAVIARE","236","38","7","281","$ 4,882,061,968","$ 5,411,998,379","$ 13,080,338","5.45%","ESTUDIOS"
"2022 Jun 30 12:00:00 AM","PUTUMAYO","928","58","38","1,024","$ 16,788,217,843","$ 19,419,324,251","$ 41,565,906","5.36%","ESTUDIOS"
"2022 Jun 30 12:00:00 AM","CAQUETA","492","49","19","560","$ 10,733,149,022","$ 12,118,752,600","$ 30,683,271","4.65%","ESTUDIOS"
"2022 Jun 30 12:00:00 AM","SAN ANDRES","147","53","3","203","$ 4,061,063,984","$ 5,629,322,906","$ 17,960,595","0.73%","ESTUDIOS"
"2022 Jun 30 12:00:00 AM","EXTRANJERO","61","0","0","61","$ 5,815,046,977","$ 6,529,325,601","$ 0","0%","ESTUDIOS"
"2022 Jun 30 12:00:00 AM","Sin Informacion","7","0","0","7","$ 107,709,663","$ 147,947,258","$ 0","0%","ESTUDIOS"
"2022 Jun 30 12:00:00 AM","VAUPES","15","0","0","15","$ 252,730,368","$ 300,225,584","$ 0","0%","ESTUDIOS"
"2022 Jun 30 12:00:00 AM","VAUPES","0","2","1","3","$ 13,186,473","$ 14,394,677","$ 1,436,165","100%","AMORTIZACION"
"2022 Jun 30 12:00:00 AM","GUAINIA","45","20","10","75","$ 887,528,658","$ 924,084,757","$ 41,009,927","42.44%","AMORTIZACION"
"2022 Jun 30 12:00:00 AM","VICHADA","21","9","9","39","$ 450,177,236","$ 468,260,263","$ 32,631,838","42.01%","AMORTIZACION"
"2022 Jun 30 12:00:00 AM","SUCRE","4,041","1,526","1,683","7,250","$ 80,438,819,188","$ 82,828,491,626","$ 4,181,305,925","29.41%","AMORTIZACION"
"2022 Jun 30 12:00:00 AM","CORDOBA","4,954","1,653","1,390","7,997","$ 113,139,928,926","$ 115,885,081,037","$ 3,695,436,202","23.97%","AMORTIZACION"
"2022 Jun 30 12:00:00 AM","LA GUAJIRA","918","333","215","1,466","$ 27,640,256,375","$ 28,788,690,355","$ 915,453,835","23.45%","AMORTIZACION"
"2022 Jun 30 12:00:00 AM","GUAVIARE","215","71","47","333","$ 2,998,347,171","$ 3,061,447,084","$ 91,112,913","22.71%","AMORTIZACION"
"2022 Jun 30 12:00:00 AM","BOLIVAR","5,597","1,646","1,605","8,848","$ 110,253,073,439","$ 115,962,356,658","$ 4,342,028,705","22.56%","AMORTIZACION"
"2022 Jun 30 12:00:00 AM","ARAUCA","982","306","192","1,480","$ 16,297,034,205","$ 16,750,529,808","$ 488,665,229","22.08%","AMORTIZACION"
"2022 Jun 30 12:00:00 AM","MAGDALENA","1,766","568","399","2,733","$ 42,760,906,151","$ 44,425,446,278","$ 1,221,148,880","20.35%","AMORTIZACION"
"2022 Jun 30 12:00:00 AM","PUTUMAYO","1,300","399","232","1,931","$ 20,678,393,429","$ 21,367,522,566","$ 558,004,910","20.32%","AMORTIZACION"
"2022 Jun 30 12:00:00 AM","CASANARE","1,470","454","287","2,211","$ 25,869,247,813","$ 26,700,790,450","$ 729,546,942","19.53%","AMORTIZACION"
"2022 Jun 30 12:00:00 AM","CESAR","1,334","421","305","2,060","$ 32,527,089,195","$ 34,604,826,604","$ 955,923,795","19.3%","AMORTIZACION"
"2022 Jun 30 12:00:00 AM","ATLANTICO","11,406","3,255","2,188","16,849","$ 329,067,092,074","$ 338,751,594,827","$ 8,067,992,522","18.86%","AMORTIZACION"
"2022 Jun 30 12:00:00 AM","CAQUETA","876","264","139","1,279","$ 10,903,721,038","$ 11,145,016,211","$ 288,832,377","18.02%","AMORTIZACION"
"2022 Jun 30 12:00:00 AM","META","2,449","642","460","3,551","$ 48,187,816,182","$ 49,587,693,157","$ 1,373,125,094","17.99%","AMORTIZACION"
"2022 Jun 30 12:00:00 AM","CHOCO","111","36","19","166","$ 1,960,100,100","$ 2,020,017,034","$ 46,468,216","17.78%","AMORTIZACION"
"2022 Jun 30 12:00:00 AM","CAUCA","3,294","817","448","4,559","$ 50,613,562,405","$ 52,180,223,836","$ 1,100,760,913","16.14%","AMORTIZACION"
"2022 Jun 30 12:00:00 AM","NORTE DE SANTANDER","3,416","877","486","4,779","$ 59,870,019,891","$ 61,856,060,962","$ 1,346,126,207","15.17%","AMORTIZACION"
"2022 Jun 30 12:00:00 AM","AMAZONAS","112","46","23","181","$ 2,952,825,458","$ 3,055,762,560","$ 78,949,016","14.98%","AMORTIZACION"
"2022 Jun 30 12:00:00 AM","HUILA","2,518","622","298","3,438","$ 41,225,396,256","$ 43,907,597,673","$ 811,199,936","13.93%","AMORTIZACION"
"2022 Jun 30 12:00:00 AM","TOLIMA","3,755","911","421","5,087","$ 62,454,536,869","$ 64,084,076,305","$ 1,143,534,962","13.77%","AMORTIZACION"
"2022 Jun 30 12:00:00 AM","QUINDIO","2,060","489","189","2,738","$ 34,433,395,599","$ 35,276,382,361","$ 550,354,364","13.22%","AMORTIZACION"
"2022 Jun 30 12:00:00 AM","SANTANDER","8,170","2,066","919","11,155","$ 164,874,031,928","$ 169,726,594,236","$ 3,064,857,949","13.03%","AMORTIZACION"
"2022 Jun 30 12:00:00 AM","BOYACA","3,883","867","431","5,181","$ 81,755,693,897","$ 84,104,106,363","$ 1,308,031,836","12.61%","AMORTIZACION"
"2022 Jun 30 12:00:00 AM","RISARALDA","3,385","714","334","4,433","$ 54,926,927,317","$ 56,278,268,138","$ 1,000,438,063","12.6%","AMORTIZACION"
"2022 Jun 30 12:00:00 AM","ANTIOQUIA","10,918","2,473","1,076","14,467","$ 232,423,871,598","$ 238,350,110,705","$ 3,662,675,204","12.01%","AMORTIZACION"
"2022 Jun 30 12:00:00 AM","NARINO","4,502","1,019","431","5,952","$ 71,911,956,728","$ 73,499,656,070","$ 1,253,522,212","11.82%","AMORTIZACION"
"2022 Jun 30 12:00:00 AM","VALLE DEL CAUCA","13,129","2,849","1,280","17,258","$ 338,352,299,823","$ 346,113,000,678","$ 5,175,150,187","11.78%","AMORTIZACION"
"2022 Jun 30 12:00:00 AM","CALDAS","3,113","673","259","4,045","$ 59,077,818,588","$ 60,558,741,355","$ 823,409,315","11.21%","AMORTIZACION"
"2022 Jun 30 12:00:00 AM","SIN INFORMACION","46","4","11","61","$ 785,314,468","$ 840,723,874","$ 41,124,821","10.26%","AMORTIZACION"
"2022 Jun 30 12:00:00 AM","CUNDINAMARCA","8,260","1,622","702","10,584","$ 197,289,588,277","$ 205,791,137,698","$ 2,736,390,905","9.87%","AMORTIZACION"
"2022 Jun 30 12:00:00 AM","DISTRITO CAPITAL","38,686","6,565","2,880","48,131","$ 1,000,513,675,374","$ 1,028,344,947,460","$ 12,761,715,084","9.22%","AMORTIZACION"
"2022 Jun 30 12:00:00 AM","SAN ANDRES","75","84","0","159","$ 3,088,861,292","$ 3,180,713,113","$ 25,511,828","1.86%","AMORTIZACION"
"2022 Jun 30 12:00:00 AM","EXTRANJERO","13","2","0","15","$ 903,062,591","$ 914,315,954","$ 2,866,356","0%","AMORTIZACION"
"2022 Sep 30 12:00:00 AM","SAN ANDRES","153","29","20","202","$ 4,304,619,022","$ 5,714,897,215","$ 35,532,614","19.8%","ESTUDIOS"
"2022 Sep 30 12:00:00 AM","SAN ANDRES","87","44","34","165","$ 3,102,267,531","$ 3,436,916,242","$ 67,718,554","26.65%","AMORTIZACION"
"2022 Sep 30 12:00:00 AM","EXTRANJERO","56","0","0","56","$ 5,691,987,134","$ 6,461,241,101","$ 0","0%","ESTUDIOS"
"2022 Sep 30 12:00:00 AM","EXTRANJERO","18","0","0","18","$ 1,193,317,312","$ 1,205,265,340","$ 0","0%","AMORTIZACION"
"2022 Sep 30 12:00:00 AM","GUAINIA","12","1","0","13","$ 274,727,943","$ 307,187,044","$ 209,589","0%","ESTUDIOS"
"2022 Sep 30 12:00:00 AM","ATLANTICO","17,775","3,744","1,020","22,539","$ 582,076,132,732","$ 653,327,604,854","$ 3,360,169,279","13.88%","ESTUDIOS"
"2022 Sep 30 12:00:00 AM","CASANARE","1,701","309","108","2,118","$ 42,709,726,024","$ 50,575,972,373","$ 231,686,837","12.27%","ESTUDIOS"
"2022 Sep 30 12:00:00 AM","NORTE DE SANTANDER","2,718","424","161","3,303","$ 82,596,595,424","$ 94,994,349,007","$ 383,327,754","12.23%","ESTUDIOS"
"2022 Sep 30 12:00:00 AM","ARAUCA","774","126","57","957","$ 18,498,631,693","$ 21,141,549,658","$ 106,086,653","12.1%","ESTUDIOS"
"2022 Sep 30 12:00:00 AM","BOYACA","3,517","764","202","4,483","$ 114,077,153,165","$ 135,737,433,517","$ 692,223,759","11.96%","ESTUDIOS"
"2022 Sep 30 12:00:00 AM","AMAZONAS","84","12","4","100","$ 2,646,476,279","$ 3,162,983,823","$ 25,517,561","11.5%","ESTUDIOS"
"2022 Sep 30 12:00:00 AM","MAGDALENA","4,323","659","193","5,175","$ 111,211,182,528","$ 123,055,399,863","$ 564,903,038","11.35%","ESTUDIOS"
"2022 Sep 30 12:00:00 AM","LA GUAJIRA","2,915","575","139","3,629","$ 101,326,978,604","$ 114,457,971,450","$ 429,706,891","11.19%","ESTUDIOS"
"2022 Sep 30 12:00:00 AM","SANTANDER","6,661","1,224","348","8,233","$ 204,580,587,215","$ 240,579,311,269","$ 1,063,822,133","10.99%","ESTUDIOS"
"2022 Sep 30 12:00:00 AM","META","2,680","464","148","3,292","$ 76,547,448,626","$ 86,459,014,163","$ 414,260,345","10.75%","ESTUDIOS"
"2022 Sep 30 12:00:00 AM","CALDAS","1,798","319","81","2,198","$ 47,619,822,261","$ 57,253,151,508","$ 264,255,833","10.02%","ESTUDIOS"
"2022 Sep 30 12:00:00 AM","CHOCO","295","62","16","373","$ 7,400,254,616","$ 8,218,671,023","$ 32,413,062","9.86%","ESTUDIOS"
"2022 Sep 30 12:00:00 AM","DISTRITO CAPITAL","33,206","5,764","1,448","40,418","$ 1,182,940,057,891","$ 1,418,138,088,014","$ 6,574,955,168","9.61%","ESTUDIOS"
"2022 Sep 30 12:00:00 AM","TOLIMA","2,707","432","122","3,261","$ 71,335,461,701","$ 82,953,155,626","$ 325,617,967","9.19%","ESTUDIOS"
"2022 Sep 30 12:00:00 AM","VICHADA","37","9","1","47","$ 847,670,139","$ 942,134,931","$ 2,716,722","8.95%","ESTUDIOS"
"2022 Sep 30 12:00:00 AM","ANTIOQUIA","9,913","1,596","342","11,851","$ 266,045,682,630","$ 325,766,623,809","$ 1,316,395,233","8.76%","ESTUDIOS"
"2022 Sep 30 12:00:00 AM","BOLIVAR","11,579","1,212","406","13,197","$ 274,477,644,718","$ 305,029,643,003","$ 1,033,678,422","8.52%","ESTUDIOS"
"2022 Sep 30 12:00:00 AM","VALLE DEL CAUCA","11,864","2,140","507","14,511","$ 401,941,354,470","$ 477,727,638,058","$ 1,967,137,001","8.49%","ESTUDIOS"
"2022 Sep 30 12:00:00 AM","GUAVIARE","245","42","8","295","$ 5,562,231,846","$ 6,182,175,710","$ 16,694,939","8.4%","ESTUDIOS"
"2022 Sep 30 12:00:00 AM","CESAR","3,925","519","117","4,561","$ 105,604,165,819","$ 117,379,207,322","$ 387,860,278","8.29%","ESTUDIOS"
"2022 Sep 30 12:00:00 AM","QUINDIO","1,222","190","49","1,461","$ 31,131,513,866","$ 37,257,625,260","$ 133,181,148","8.25%","ESTUDIOS"
"2022 Sep 30 12:00:00 AM","CUNDINAMARCA","10,392","1,251","328","11,971","$ 281,109,332,204","$ 332,135,111,393","$ 1,314,989,424","8.15%","ESTUDIOS"
"2022 Sep 30 12:00:00 AM","CAUCA","1,828","236","79","2,143","$ 42,829,612,673","$ 49,242,957,192","$ 186,366,771","8.12%","ESTUDIOS"
"2022 Sep 30 12:00:00 AM","CAQUETA","509","81","15","605","$ 12,471,483,885","$ 14,003,020,720","$ 47,788,785","8.12%","ESTUDIOS"
"2022 Sep 30 12:00:00 AM","HUILA","2,051","313","81","2,445","$ 54,228,115,191","$ 62,539,814,915","$ 276,205,738","7.87%","ESTUDIOS"
"2022 Sep 30 12:00:00 AM","RISARALDA","1,977","270","100","2,347","$ 48,431,893,896","$ 57,857,332,637","$ 273,300,668","7.47%","ESTUDIOS"
"2022 Sep 30 12:00:00 AM","PUTUMAYO","974","82","26","1,082","$ 18,873,209,004","$ 21,730,275,136","$ 51,573,169","5.54%","ESTUDIOS"
"2022 Sep 30 12:00:00 AM","NARINO","4,932","582","128","5,642","$ 109,847,176,912","$ 123,522,021,545","$ 320,976,727","5.39%","ESTUDIOS"
"2022 Sep 30 12:00:00 AM","CORDOBA","17,271","1,176","483","18,930","$ 380,982,585,126","$ 418,799,342,142","$ 917,743,822","5.37%","ESTUDIOS"
"2022 Sep 30 12:00:00 AM","SUCRE","15,856","915","414","17,185","$ 315,623,643,288","$ 344,642,224,144","$ 651,280,154","4.92%","ESTUDIOS"
"2022 Sep 30 12:00:00 AM","VAUPES","1","1","2","4","$ 19,480,263","$ 42,622,020","$ 1,869,705","62.55%","AMORTIZACION"
"2022 Sep 30 12:00:00 AM","VICHADA","20","9","11","40","$ 483,189,740","$ 508,126,900","$ 48,238,556","47.68%","AMORTIZACION"
"2022 Sep 30 12:00:00 AM","SUCRE","4,166","1,367","1,818","7,351","$ 79,905,699,200","$ 82,739,789,563","$ 5,005,015,824","30.5%","AMORTIZACION"
"2022 Sep 30 12:00:00 AM","LA GUAJIRA","912","337","237","1,486","$ 27,321,044,774","$ 28,441,771,565","$ 1,093,915,467","26.05%","AMORTIZACION"
"2022 Sep 30 12:00:00 AM","CORDOBA","4,981","1,639","1,509","8,129","$ 111,000,391,910","$ 114,031,320,170","$ 4,394,209,966","24.3%","AMORTIZACION"
"2022 Sep 30 12:00:00 AM","BOLIVAR","5,537","1,882","1,515","8,934","$ 109,991,828,969","$ 116,417,179,244","$ 4,980,084,316","22.99%","AMORTIZACION"
"2022 Sep 30 12:00:00 AM","MAGDALENA","1,804","567","405","2,776","$ 43,426,085,376","$ 45,802,673,178","$ 1,470,419,613","21.48%","AMORTIZACION"
"2022 Sep 30 12:00:00 AM","ARAUCA","992","313","179","1,484","$ 16,059,161,926","$ 16,571,086,543","$ 540,275,616","20.93%","AMORTIZACION"
"2022 Sep 30 12:00:00 AM","GUAVIARE","225","67","34","326","$ 2,883,271,209","$ 2,951,912,496","$ 86,717,792","20.28%","AMORTIZACION"
"2022 Sep 30 12:00:00 AM","CESAR","1,321","421","311","2,053","$ 32,551,159,188","$ 34,752,213,413","$ 1,144,496,100","20.19%","AMORTIZACION"
"2022 Sep 30 12:00:00 AM","CASANARE","1,506","500","260","2,266","$ 26,941,313,515","$ 28,229,792,249","$ 816,811,186","19.56%","AMORTIZACION"
"2022 Sep 30 12:00:00 AM","CAQUETA","878","264","122","1,264","$ 10,879,290,260","$ 11,138,437,316","$ 297,919,737","18.98%","AMORTIZACION"
"2022 Sep 30 12:00:00 AM","ATLANTICO","11,466","3,371","2,119","16,956","$ 328,400,827,088","$ 339,435,906,724","$ 9,105,160,600","18.85%","AMORTIZACION"
"2022 Sep 30 12:00:00 AM","PUTUMAYO","1,309","430","190","1,929","$ 20,593,184,119","$ 21,339,361,437","$ 595,720,035","17.81%","AMORTIZACION"
"2022 Sep 30 12:00:00 AM","META","2,515","657","398","3,570","$ 48,009,858,083","$ 49,458,025,148","$ 1,427,309,278","16.27%","AMORTIZACION"
"2022 Sep 30 12:00:00 AM","NORTE DE SANTANDER","3,396","893","452","4,741","$ 59,820,129,472","$ 61,804,244,240","$ 1,523,897,270","15.51%","AMORTIZACION"
"2022 Sep 30 12:00:00 AM","AMAZONAS","113","44","22","179","$ 2,859,468,277","$ 2,968,807,582","$ 83,467,958","15.46%","AMORTIZACION"
"2022 Sep 30 12:00:00 AM","GUAINIA","45","20","5","70","$ 879,944,289","$ 918,927,694","$ 25,906,155","14.71%","AMORTIZACION"
"2022 Sep 30 12:00:00 AM","CAUCA","3,306","850","385","4,541","$ 50,436,644,486","$ 52,118,548,860","$ 1,188,508,888","14.3%","AMORTIZACION"
"2022 Sep 30 12:00:00 AM","RISARALDA","3,301","812","303","4,416","$ 54,904,029,049","$ 56,616,813,058","$ 1,128,643,824","12.98%","AMORTIZACION"
"2022 Sep 30 12:00:00 AM","HUILA","2,518","592","281","3,391","$ 40,996,752,451","$ 43,740,039,089","$ 880,530,575","12.83%","AMORTIZACION"
"2022 Sep 30 12:00:00 AM","SANTANDER","8,339","2,072","808","11,219","$ 166,981,703,595","$ 173,279,735,861","$ 3,276,696,679","12.49%","AMORTIZACION"
"2022 Sep 30 12:00:00 AM","BOYACA","3,984","905","357","5,246","$ 82,983,549,268","$ 85,781,467,465","$ 1,380,895,861","12.3%","AMORTIZACION"
"2022 Sep 30 12:00:00 AM","TOLIMA","3,777","908","381","5,066","$ 62,786,666,890","$ 64,561,341,612","$ 1,238,030,746","12.04%","AMORTIZACION"
"2022 Sep 30 12:00:00 AM","QUINDIO","2,061","469","180","2,710","$ 34,617,668,721","$ 35,581,988,309","$ 638,263,898","11.96%","AMORTIZACION"
"2022 Sep 30 12:00:00 AM","CHOCO","111","41","17","169","$ 1,892,235,315","$ 1,950,096,282","$ 47,041,555","11.56%","AMORTIZACION"
"2022 Sep 30 12:00:00 AM","VALLE DEL CAUCA","13,172","2,782","1,223","17,177","$ 340,037,431,727","$ 348,926,920,836","$ 5,702,782,950","11.49%","AMORTIZACION"
"2022 Sep 30 12:00:00 AM","ANTIOQUIA","10,770","2,654","969","14,393","$ 234,288,286,453","$ 240,799,753,854","$ 3,954,527,491","11.27%","AMORTIZACION"
"2022 Sep 30 12:00:00 AM","CALDAS","3,101","648","260","4,009","$ 58,850,885,759","$ 60,493,153,616","$ 918,375,867","11.15%","AMORTIZACION"
"2022 Sep 30 12:00:00 AM","NARINO","4,578","945","391","5,914","$ 70,627,675,758","$ 72,310,301,772","$ 1,307,553,836","10.59%","AMORTIZACION"
"2022 Sep 30 12:00:00 AM","SIN INFORMACION","44","7","9","60","$ 814,016,364","$ 894,373,264","$ 44,522,972","10.36%","AMORTIZACION"
"2022 Sep 30 12:00:00 AM","CUNDINAMARCA","8,398","1,702","621","10,721","$ 202,171,732,377","$ 211,174,283,542","$ 2,912,705,608","9.41%","AMORTIZACION"
"2022 Sep 30 12:00:00 AM","DISTRITO CAPITAL","38,316","7,042","2,579","47,937","$ 1,013,697,054,423","$ 1,043,974,186,866","$ 14,071,140,735","8.83%","AMORTIZACION"
"2022 Sep 30 12:00:00 AM","VAUPES","17","1","0","18","$ 290,354,054","$ 320,241,207","$ 57,457","0%","ESTUDIOS"
"2022 Dec 31 12:00:00 AM","BOYACA","3,471","533","322","4,326","$ 105,421,434,504","$ 126,925,941,109","$ 816,224,180","13.47%","ESTUDIOS"
"2022 Dec 31 12:00:00 AM","CASANARE","1,650","211","145","2,006","$ 39,834,368,365","$ 47,443,203,160","$ 261,792,235","12.73%","ESTUDIOS"
"2022 Dec 31 12:00:00 AM","ARAUCA","738","112","69","919","$ 17,292,580,337","$ 19,869,804,177","$ 114,997,494","12.09%","ESTUDIOS"
"2022 Dec 31 12:00:00 AM","CHOCO","300","44","25","369","$ 7,260,473,457","$ 8,123,610,803","$ 37,802,093","11.94%","ESTUDIOS"
"2022 Dec 31 12:00:00 AM","VICHADA","38","7","2","47","$ 735,393,002","$ 816,381,327","$ 4,658,617","11.91%","ESTUDIOS"
"2022 Dec 31 12:00:00 AM","ATLANTICO","17,711","2,187","1,637","21,535","$ 545,135,818,124","$ 618,728,541,028","$ 3,640,189,718","11.91%","ESTUDIOS"
"2022 Dec 31 12:00:00 AM","META","2,660","322","199","3,181","$ 71,851,090,837","$ 82,266,054,157","$ 456,973,447","10.86%","ESTUDIOS"
"2022 Dec 31 12:00:00 AM","SANTANDER","6,516","821","445","7,782","$ 187,193,885,688","$ 221,750,667,339","$ 1,179,338,639","10.43%","ESTUDIOS"
"2022 Dec 31 12:00:00 AM","VALLE DEL CAUCA","11,625","1,610","708","13,943","$ 376,422,878,959","$ 453,365,276,965","$ 2,256,760,107","9.76%","ESTUDIOS"
"2022 Dec 31 12:00:00 AM","GUAVIARE","233","40","14","287","$ 5,251,177,273","$ 5,910,072,649","$ 24,487,211","9.73%","ESTUDIOS"
"2022 Dec 31 12:00:00 AM","NORTE DE SANTANDER","2,654","288","197","3,139","$ 77,130,633,332","$ 89,591,052,424","$ 391,165,897","9.44%","ESTUDIOS"
"2022 Dec 31 12:00:00 AM","QUINDIO","1,199","146","68","1,413","$ 29,389,044,555","$ 35,570,213,282","$ 169,308,267","9.23%","ESTUDIOS"
"2022 Dec 31 12:00:00 AM","DISTRITO CAPITAL","33,154","3,846","1,957","38,957","$ 1,110,504,170,749","$ 1,349,119,871,597","$ 6,843,598,604","9.12%","ESTUDIOS"
"2022 Dec 31 12:00:00 AM","CALDAS","1,785","229","108","2,122","$ 44,678,508,799","$ 54,198,750,690","$ 269,066,864","8.93%","ESTUDIOS"
"2022 Dec 31 12:00:00 AM","CAUCA","1,776","168","105","2,049","$ 40,298,826,607","$ 46,657,953,322","$ 207,678,061","8.77%","ESTUDIOS"
"2022 Dec 31 12:00:00 AM","TOLIMA","2,644","300","166","3,110","$ 66,768,784,837","$ 78,642,013,486","$ 341,643,816","8.69%","ESTUDIOS"
"2022 Dec 31 12:00:00 AM","RISARALDA","1,928","186","116","2,230","$ 44,902,424,689","$ 53,957,285,853","$ 301,305,622","8.63%","ESTUDIOS"
"2022 Dec 31 12:00:00 AM","MAGDALENA","4,408","390","280","5,078","$ 106,992,002,762","$ 119,751,622,958","$ 585,424,299","8.6%","ESTUDIOS"
"2022 Dec 31 12:00:00 AM","LA GUAJIRA","2,945","324","214","3,483","$ 95,853,712,337","$ 107,377,685,461","$ 430,145,319","8.43%","ESTUDIOS"
"2022 Dec 31 12:00:00 AM","CUNDINAMARCA","10,138","929","444","11,511","$ 263,320,978,992","$ 313,746,196,954","$ 1,458,724,548","8.15%","ESTUDIOS"
"2022 Dec 31 12:00:00 AM","HUILA","2,021","206","114","2,341","$ 50,734,279,743","$ 59,125,179,195","$ 268,679,716","8.11%","ESTUDIOS"
"2022 Dec 31 12:00:00 AM","ANTIOQUIA","10,010","1,097","484","11,591","$ 255,903,552,483","$ 317,110,055,604","$ 1,362,417,573","8.08%","ESTUDIOS"
"2022 Dec 31 12:00:00 AM","CESAR","3,998","310","183","4,491","$ 102,751,474,160","$ 114,901,316,935","$ 421,522,696","6.82%","ESTUDIOS"
"2022 Dec 31 12:00:00 AM","AMAZONAS","83","6","5","94","$ 2,449,784,787","$ 2,856,436,476","$ 15,733,175","6.23%","ESTUDIOS"
"2022 Dec 31 12:00:00 AM","CORDOBA","17,016","1,002","590","18,608","$ 364,868,274,360","$ 403,251,854,864","$ 1,129,685,099","6.15%","ESTUDIOS"
"2022 Dec 31 12:00:00 AM","CAQUETA","509","53","25","587","$ 11,946,651,924","$ 13,587,691,158","$ 52,504,330","6.08%","ESTUDIOS"
"2022 Dec 31 12:00:00 AM","NARINO","4,863","432","212","5,507","$ 104,575,154,277","$ 118,887,073,915","$ 370,483,092","6.02%","ESTUDIOS"
"2022 Dec 31 12:00:00 AM","PUTUMAYO","888","81","34","1,003","$ 17,523,004,533","$ 20,054,239,438","$ 59,894,364","5.66%","ESTUDIOS"
"2022 Dec 31 12:00:00 AM","GUAINIA","14","1","0","15","$ 279,408,872","$ 317,519,375","$ 1,594,949","5.53%","ESTUDIOS"
"2022 Dec 31 12:00:00 AM","SUCRE","15,402","632","564","16,598","$ 302,726,659,434","$ 333,726,944,636","$ 749,915,942","4.97%","ESTUDIOS"
"2022 Dec 31 12:00:00 AM","EXTRANJERO","56","0","0","56","$ 5,784,698,736","$ 6,643,532,854","$ 0","0%","ESTUDIOS"
"2022 Dec 31 12:00:00 AM","EXTRANJERO","18","0","0","18","$ 1,094,946,383","$ 1,107,408,519","$ 0","0%","AMORTIZACION"
"2022 Dec 31 12:00:00 AM","VAUPES","2","3","1","6","$ 100,623,760","$ 102,423,397","$ 3,998,745","56.2%","AMORTIZACION"
"2022 Dec 31 12:00:00 AM","SUCRE","4,389","1,900","953","7,242","$ 84,571,546,568","$ 87,174,533,805","$ 2,620,904,901","27.44%","AMORTIZACION"
"2022 Dec 31 12:00:00 AM","LA GUAJIRA","954","442","166","1,562","$ 30,598,437,794","$ 33,408,332,120","$ 748,369,480","26.57%","AMORTIZACION"
"2022 Dec 31 12:00:00 AM","CORDOBA","5,306","2,003","967","8,276","$ 120,593,203,525","$ 124,691,967,080","$ 2,824,092,069","23.17%","AMORTIZACION"
"2022 Dec 31 12:00:00 AM","ARAUCA","978","369","113","1,460","$ 16,048,327,427","$ 16,574,481,518","$ 323,921,237","21.24%","AMORTIZACION"
"2022 Dec 31 12:00:00 AM","MAGDALENA","1,808","686","248","2,742","$ 43,705,523,297","$ 45,871,857,017","$ 915,276,401","20.87%","AMORTIZACION"
"2022 Dec 31 12:00:00 AM","PUTUMAYO","1,259","544","138","1,941","$ 20,875,702,122","$ 21,936,842,337","$ 412,080,931","20.48%","AMORTIZACION"
"2022 Dec 31 12:00:00 AM","CASANARE","1,546","540","197","2,283","$ 28,182,355,750","$ 29,476,610,719","$ 614,211,088","20.21%","AMORTIZACION"
"2022 Dec 31 12:00:00 AM","ATLANTICO","11,533","3,967","1,538","17,038","$ 338,655,916,053","$ 349,675,192,056","$ 6,618,945,430","19.45%","AMORTIZACION"
"2022 Dec 31 12:00:00 AM","CESAR","1,332","525","182","2,039","$ 32,773,383,349","$ 34,969,463,667","$ 660,703,195","17.95%","AMORTIZACION"
"2022 Dec 31 12:00:00 AM","META","2,406","815","259","3,480","$ 48,282,319,887","$ 49,614,090,378","$ 907,303,002","17.04%","AMORTIZACION"
"2022 Dec 31 12:00:00 AM","NORTE DE SANTANDER","3,329","1,050","316","4,695","$ 61,090,555,134","$ 62,922,188,079","$ 1,055,979,000","16.56%","AMORTIZACION"
"2022 Dec 31 12:00:00 AM","AMAZONAS","117","46","10","173","$ 2,898,787,678","$ 3,112,015,373","$ 37,987,260","16.05%","AMORTIZACION"
"2022 Dec 31 12:00:00 AM","GUAINIA","34","27","3","64","$ 808,557,519","$ 852,277,800","$ 16,450,341","14.25%","AMORTIZACION"
"2022 Dec 31 12:00:00 AM","CAUCA","3,138","979","289","4,406","$ 49,285,640,768","$ 51,081,005,644","$ 811,689,252","14.1%","AMORTIZACION"
"2022 Dec 31 12:00:00 AM","GUAVIARE","227","71","13","311","$ 2,978,235,331","$ 3,039,394,127","$ 47,936,979","13.96%","AMORTIZACION"
"2022 Dec 31 12:00:00 AM","VICHADA","30","4","5","39","$ 579,127,209","$ 601,763,567","$ 19,540,821","13.96%","AMORTIZACION"
"2022 Dec 31 12:00:00 AM","HUILA","2,450","694","196","3,340","$ 42,129,791,663","$ 44,788,084,970","$ 634,084,874","13.95%","AMORTIZACION"
"2022 Dec 31 12:00:00 AM","BOYACA","3,879","1,093","246","5,218","$ 86,644,547,622","$ 89,493,222,047","$ 1,157,115,959","13.75%","AMORTIZACION"
"2022 Dec 31 12:00:00 AM","CAQUETA","867","276","75","1,218","$ 10,573,352,896","$ 10,837,291,418","$ 176,548,678","13.33%","AMORTIZACION"
"2022 Dec 31 12:00:00 AM","TOLIMA","3,753","988","264","5,005","$ 63,252,476,844","$ 64,988,306,346","$ 877,309,179","12.92%","AMORTIZACION"
"2022 Dec 31 12:00:00 AM","RISARALDA","3,215","845","239","4,299","$ 54,953,830,882","$ 56,746,625,938","$ 783,036,457","12.69%","AMORTIZACION"
"2022 Dec 31 12:00:00 AM","SANTANDER","8,197","2,371","568","11,136","$ 173,374,792,186","$ 180,201,856,535","$ 2,397,980,583","12.42%","AMORTIZACION"
"2022 Dec 31 12:00:00 AM","ANTIOQUIA","10,581","2,797","740","14,118","$ 233,944,864,497","$ 240,468,567,908","$ 2,931,491,268","12%","AMORTIZACION"
"2022 Dec 31 12:00:00 AM","VALLE DEL CAUCA","12,829","3,173","886","16,888","$ 345,337,030,708","$ 354,636,422,372","$ 4,373,664,507","11.97%","AMORTIZACION"
"2022 Dec 31 12:00:00 AM","NARINO","4,445","1,176","248","5,869","$ 69,883,779,275","$ 71,687,478,243","$ 869,333,206","11.64%","AMORTIZACION"
"2022 Dec 31 12:00:00 AM","QUINDIO","2,000","519","126","2,645","$ 34,600,887,743","$ 35,534,687,914","$ 428,843,932","11.51%","AMORTIZACION"
"2022 Dec 31 12:00:00 AM","CALDAS","2,990","720","199","3,909","$ 58,633,761,345","$ 60,255,595,921","$ 705,069,376","11.24%","AMORTIZACION"
"2022 Dec 31 12:00:00 AM","CHOCO","106","47","14","167","$ 2,001,965,909","$ 2,060,724,218","$ 40,175,771","11.17%","AMORTIZACION"
"2022 Dec 31 12:00:00 AM","CUNDINAMARCA","8,366","1,917","497","10,780","$ 207,995,901,198","$ 217,765,493,587","$ 2,357,355,233","10.5%","AMORTIZACION"
"2022 Dec 31 12:00:00 AM","DISTRITO CAPITAL","37,418","7,900","1,931","47,249","$ 1,027,040,567,692","$ 1,058,204,173,334","$ 11,137,116,054","9.76%","AMORTIZACION"
"2022 Dec 31 12:00:00 AM","SAN ANDRES","119","30","20","169","$ 3,883,638,958","$ 4,520,014,306","$ 47,910,002","18.95%","ESTUDIOS"
"2022 Dec 31 12:00:00 AM","SAN ANDRES","121","52","25","198","$ 3,415,398,945","$ 4,225,695,661","$ 67,869,868","16.31%","AMORTIZACION"
"2022 Dec 31 12:00:00 AM","BOLIVAR","11,375","788","588","12,751","$ 261,963,331,324","$ 293,197,526,802","$ 1,184,867,413","7.82%","ESTUDIOS"
"2022 Dec 31 12:00:00 AM","BOLIVAR","5,637","2,347","873","8,857","$ 113,472,588,345","$ 119,618,180,496","$ 2,733,144,234","21.15%","AMORTIZACION"
"2022 Dec 31 12:00:00 AM","VAUPES","17","0","0","17","$ 221,832,056","$ 248,711,446","$ 0","0%","ESTUDIOS"
"2023 Mar 31 12:00:00 AM","EXTRANJERO","57","0","0","57","$ 6,147,443,617","$ 7,199,515,155","$ 0","0%","ESTUDIOS"
"2023 Mar 31 12:00:00 AM","AMAZONAS","83","13","4","100","$ 2,660,462,739","$ 3,120,436,988","$ 30,868,054","18.62%","ESTUDIOS"
"2023 Mar 31 12:00:00 AM","VICHADA","38","8","3","49","$ 822,487,710","$ 923,824,276","$ 6,790,464","15.07%","ESTUDIOS"
"2023 Mar 31 12:00:00 AM","ARAUCA","757","128","68","953","$ 19,563,695,589","$ 22,545,155,355","$ 135,367,324","13.39%","ESTUDIOS"
"2023 Mar 31 12:00:00 AM","CASANARE","1,619","262","115","1,996","$ 42,537,231,678","$ 49,974,974,551","$ 287,114,536","13.28%","ESTUDIOS"
"2023 Mar 31 12:00:00 AM","ATLANTICO","19,031","3,396","1,329","23,756","$ 623,758,466,314","$ 710,901,416,120","$ 4,704,839,538","13.26%","ESTUDIOS"
"2023 Mar 31 12:00:00 AM","BOYACA","3,536","701","260","4,497","$ 115,953,036,687","$ 138,627,948,423","$ 934,504,414","12.98%","ESTUDIOS"
"2023 Mar 31 12:00:00 AM","CHOCO","307","70","20","397","$ 8,944,798,733","$ 9,988,612,302","$ 47,679,754","11.94%","ESTUDIOS"
"2023 Mar 31 12:00:00 AM","SANTANDER","6,691","1,097","404","8,192","$ 207,380,138,026","$ 244,426,889,165","$ 1,474,744,978","11.17%","ESTUDIOS"
"2023 Mar 31 12:00:00 AM","META","2,777","403","166","3,346","$ 80,544,381,203","$ 92,805,116,079","$ 539,473,051","11.07%","ESTUDIOS"
"2023 Mar 31 12:00:00 AM","MAGDALENA","4,735","619","228","5,582","$ 127,025,408,509","$ 142,950,049,434","$ 818,185,096","10.33%","ESTUDIOS"
"2023 Mar 31 12:00:00 AM","LA GUAJIRA","3,149","560","181","3,890","$ 115,239,652,336","$ 128,990,375,073","$ 548,394,671","10.26%","ESTUDIOS"
"2023 Mar 31 12:00:00 AM","NORTE DE SANTANDER","2,697","398","179","3,274","$ 85,968,462,111","$ 99,350,177,930","$ 502,662,442","10.06%","ESTUDIOS"
"2023 Mar 31 12:00:00 AM","DISTRITO CAPITAL","34,211","4,939","1,715","40,865","$ 1,232,615,504,879","$ 1,486,178,578,160","$ 8,361,289,867","9.7%","ESTUDIOS"
"2023 Mar 31 12:00:00 AM","GUAVIARE","258","43","8","309","$ 6,151,571,342","$ 6,976,833,287","$ 27,241,455","9.63%","ESTUDIOS"
"2023 Mar 31 12:00:00 AM","TOLIMA","2,738","388","135","3,261","$ 75,074,304,549","$ 88,239,579,533","$ 418,167,772","9.63%","ESTUDIOS"
"2023 Mar 31 12:00:00 AM","RISARALDA","1,961","255","113","2,329","$ 49,978,757,857","$ 59,096,949,274","$ 375,056,091","9.5%","ESTUDIOS"
"2023 Mar 31 12:00:00 AM","CALDAS","1,880","302","90","2,272","$ 50,624,071,905","$ 60,388,078,908","$ 323,637,178","9.49%","ESTUDIOS"
"2023 Mar 31 12:00:00 AM","CUNDINAMARCA","10,323","1,132","431","11,886","$ 289,503,620,261","$ 344,586,715,782","$ 1,829,451,702","8.84%","ESTUDIOS"
"2023 Mar 31 12:00:00 AM","QUINDIO","1,300","165","59","1,524","$ 32,487,422,755","$ 39,218,411,138","$ 171,141,301","8.64%","ESTUDIOS"
"2023 Mar 31 12:00:00 AM","VALLE DEL CAUCA","12,409","1,878","581","14,868","$ 419,269,932,417","$ 502,661,536,018","$ 2,553,643,317","8.63%","ESTUDIOS"
"2023 Mar 31 12:00:00 AM","ANTIOQUIA","10,814","1,390","440","12,644","$ 289,370,776,081","$ 354,337,632,838","$ 1,649,939,858","8.49%","ESTUDIOS"
"2023 Mar 31 12:00:00 AM","CAQUETA","538","64","17","619","$ 13,899,447,146","$ 15,860,389,546","$ 68,414,785","8.28%","ESTUDIOS"
"2023 Mar 31 12:00:00 AM","HUILA","2,207","284","80","2,571","$ 58,912,188,536","$ 68,460,970,755","$ 310,402,782","8.28%","ESTUDIOS"
"2023 Mar 31 12:00:00 AM","CESAR","4,567","599","160","5,326","$ 128,042,216,698","$ 143,082,149,747","$ 559,867,605","8.09%","ESTUDIOS"
"2023 Mar 31 12:00:00 AM","BOLIVAR","12,574","1,102","504","14,180","$ 311,168,161,570","$ 350,567,965,839","$ 1,475,266,300","7.98%","ESTUDIOS"
"2023 Mar 31 12:00:00 AM","CAUCA","1,889","216","73","2,178","$ 46,887,034,359","$ 53,837,043,113","$ 216,516,108","6.81%","ESTUDIOS"
"2023 Mar 31 12:00:00 AM","PUTUMAYO","940","91","34","1,065","$ 20,288,591,334","$ 23,077,363,967","$ 74,321,529","6.04%","ESTUDIOS"
"2023 Mar 31 12:00:00 AM","NARINO","5,367","576","150","6,093","$ 123,291,645,008","$ 140,287,436,705","$ 423,014,450","5.63%","ESTUDIOS"
"2023 Mar 31 12:00:00 AM","CORDOBA","18,617","1,222","541","20,380","$ 431,001,743,518","$ 479,649,929,334","$ 1,324,980,526","5.58%","ESTUDIOS"
"2023 Mar 31 12:00:00 AM","SUCRE","16,437","765","506","17,708","$ 354,213,900,705","$ 394,336,381,175","$ 896,127,032","4.7%","ESTUDIOS"
"2023 Mar 31 12:00:00 AM","GUAINIA","17","1","1","19","$ 380,190,729","$ 431,217,473","$ 4,421,898","4.07%","ESTUDIOS"
"2023 Mar 31 12:00:00 AM","EXTRANJERO","17","1","0","18","$ 973,244,512","$ 986,298,801","$ 248,531","0%","AMORTIZACION"
"2023 Mar 31 12:00:00 AM","VAUPES","2","2","1","5","$ 84,366,328","$ 87,628,844","$ 5,339,960","99.15%","AMORTIZACION"
"2023 Mar 31 12:00:00 AM","VICHADA","22","9","8","39","$ 592,556,164","$ 624,669,253","$ 33,214,942","36.62%","AMORTIZACION"
"2023 Mar 31 12:00:00 AM","GUAINIA","31","19","12","62","$ 789,185,401","$ 847,248,867","$ 26,320,232","29.31%","AMORTIZACION"
"2023 Mar 31 12:00:00 AM","LA GUAJIRA","883","411","286","1,580","$ 31,382,702,177","$ 34,998,014,415","$ 1,132,470,338","29.22%","AMORTIZACION"
"2023 Mar 31 12:00:00 AM","SUCRE","3,949","2,011","1,325","7,285","$ 84,894,920,794","$ 88,953,922,145","$ 3,574,389,258","29.06%","AMORTIZACION"
"2023 Mar 31 12:00:00 AM","BOLIVAR","5,088","2,345","1,338","8,771","$ 112,462,416,164","$ 119,982,917,287","$ 3,932,603,110","25.52%","AMORTIZACION"
"2023 Mar 31 12:00:00 AM","CORDOBA","4,863","2,181","1,304","8,348","$ 119,990,116,320","$ 125,868,319,805","$ 3,861,061,292","24.96%","AMORTIZACION"
"2023 Mar 31 12:00:00 AM","MAGDALENA","1,644","760","376","2,780","$ 44,017,194,682","$ 46,802,384,872","$ 1,358,039,361","24.23%","AMORTIZACION"
"2023 Mar 31 12:00:00 AM","AMAZONAS","90","56","23","169","$ 2,845,418,109","$ 3,084,556,160","$ 66,546,252","23.98%","AMORTIZACION"
"2023 Mar 31 12:00:00 AM","CHOCO","93","59","24","176","$ 2,127,678,141","$ 2,276,605,427","$ 76,766,663","23.76%","AMORTIZACION"
"2023 Mar 31 12:00:00 AM","PUTUMAYO","1,154","535","241","1,930","$ 20,630,795,685","$ 22,125,471,768","$ 598,285,583","23.09%","AMORTIZACION"
"2023 Mar 31 12:00:00 AM","ARAUCA","861","409","168","1,438","$ 15,918,821,717","$ 16,620,843,982","$ 469,000,610","22.81%","AMORTIZACION"
"2023 Mar 31 12:00:00 AM","GUAVIARE","199","87","25","311","$ 2,972,802,667","$ 3,062,167,049","$ 74,562,523","22.22%","AMORTIZACION"
"2023 Mar 31 12:00:00 AM","CESAR","1,231","543","278","2,052","$ 33,144,693,648","$ 35,671,255,409","$ 968,972,365","21.42%","AMORTIZACION"
"2023 Mar 31 12:00:00 AM","ATLANTICO","10,668","4,242","2,099","17,009","$ 341,103,143,852","$ 356,437,293,887","$ 8,971,820,995","20.79%","AMORTIZACION"
"2023 Mar 31 12:00:00 AM","CASANARE","1,460","597","254","2,311","$ 28,699,562,786","$ 31,165,898,331","$ 834,495,213","19.39%","AMORTIZACION"
"2023 Mar 31 12:00:00 AM","CAQUETA","784","292","114","1,190","$ 10,524,962,097","$ 10,876,956,664","$ 251,413,209","19.32%","AMORTIZACION"
"2023 Mar 31 12:00:00 AM","META","2,235","840","367","3,442","$ 47,726,343,435","$ 49,644,784,144","$ 1,205,399,768","18.87%","AMORTIZACION"
"2023 Mar 31 12:00:00 AM","NORTE DE SANTANDER","3,090","1,138","451","4,679","$ 61,470,691,428","$ 64,583,530,836","$ 1,421,582,500","17.36%","AMORTIZACION"
"2023 Mar 31 12:00:00 AM","CAUCA","2,915","1,078","371","4,364","$ 48,207,176,439","$ 50,762,122,698","$ 1,077,943,069","16.61%","AMORTIZACION"
"2023 Mar 31 12:00:00 AM","HUILA","2,263","800","266","3,329","$ 42,626,589,097","$ 45,675,792,233","$ 869,945,731","15.47%","AMORTIZACION"
"2023 Mar 31 12:00:00 AM","RISARALDA","2,995","946","316","4,257","$ 54,398,184,446","$ 57,280,873,266","$ 1,098,691,652","15.45%","AMORTIZACION"
"2023 Mar 31 12:00:00 AM","BOYACA","3,575","1,268","377","5,220","$ 86,576,903,249","$ 91,191,532,652","$ 1,587,348,766","15.23%","AMORTIZACION"
"2023 Mar 31 12:00:00 AM","TOLIMA","3,433","1,173","368","4,974","$ 62,958,569,512","$ 65,333,811,312","$ 1,213,665,015","15.16%","AMORTIZACION"
"2023 Mar 31 12:00:00 AM","QUINDIO","1,837","592","163","2,592","$ 34,585,031,078","$ 35,820,459,596","$ 618,360,167","15.11%","AMORTIZACION"
"2023 Mar 31 12:00:00 AM","SANTANDER","7,604","2,596","790","10,990","$ 172,262,605,209","$ 181,724,209,793","$ 3,245,834,258","14.46%","AMORTIZACION"
"2023 Mar 31 12:00:00 AM","VALLE DEL CAUCA","12,119","3,507","1,158","16,784","$ 347,744,389,140","$ 360,858,570,216","$ 5,861,102,081","13.46%","AMORTIZACION"
"2023 Mar 31 12:00:00 AM","CALDAS","2,759","867","255","3,881","$ 58,502,364,000","$ 61,186,274,693","$ 964,058,905","13.14%","AMORTIZACION"
"2023 Mar 31 12:00:00 AM","ANTIOQUIA","9,905","3,072","968","13,945","$ 234,887,086,629","$ 244,346,181,123","$ 3,830,977,502","13.1%","AMORTIZACION"
"2023 Mar 31 12:00:00 AM","NARINO","4,148","1,284","376","5,808","$ 69,329,395,881","$ 71,794,059,994","$ 1,130,768,110","12.73%","AMORTIZACION"
"2023 Mar 31 12:00:00 AM","CUNDINAMARCA","7,883","2,182","687","10,752","$ 208,850,272,588","$ 220,873,851,805","$ 3,230,391,358","12.43%","AMORTIZACION"
"2023 Mar 31 12:00:00 AM","DISTRITO CAPITAL","35,295","8,854","2,651","46,800","$ 1,043,122,562,867","$ 1,086,229,367,669","$ 15,060,478,908","11.23%","AMORTIZACION"
"2023 Mar 31 12:00:00 AM","SAN ANDRES","122","32","21","175","$ 4,309,791,638","$ 4,932,765,035","$ 61,089,678","22.48%","ESTUDIOS"
"2023 Mar 31 12:00:00 AM","SAN ANDRES","114","55","36","205","$ 3,297,245,777","$ 4,227,869,593","$ 121,704,591","26.21%","AMORTIZACION"
"2023 Mar 31 12:00:00 AM","SIN INFORMACION","1","0","0","1","$ 6,855","$ 6,934","$ 0","0%","ESTUDIOS"
"2023 Mar 31 12:00:00 AM","VAUPES","19","2","0","21","$ 311,601,446","$ 348,411,856","$ 164,684","0%","ESTUDIOS"
"2023 Jun 30 12:00:00 AM","BOLIVAR","12,394","905","562","13,861","$ 299,143,049,685","$ 344,035,417,123","$ 1,277,246,013","7.08%","ESTUDIOS"
"2023 Jun 30 12:00:00 AM","BOLIVAR","5,175","2,373","1,483","9,031","$ 125,669,462,031","$ 133,838,826,634","$ 4,231,097,953","24.46%","AMORTIZACION"
"2023 Jun 30 12:00:00 AM","EXTRANJERO","57","0","0","57","$ 6,115,548,115","$ 7,332,667,428","$ 0","0%","ESTUDIOS"
"2023 Jun 30 12:00:00 AM","EXTRANJERO","18","0","0","18","$ 951,657,522","$ 967,203,427","$ 0","0%","AMORTIZACION"
"2023 Jun 30 12:00:00 AM","AMAZONAS","82","9","8","99","$ 2,468,017,583","$ 2,950,309,164","$ 31,688,156","19.88%","ESTUDIOS"
"2023 Jun 30 12:00:00 AM","VAUPES","17","4","0","21","$ 309,295,909","$ 355,093,877","$ 2,165,746","15.6%","ESTUDIOS"
"2023 Jun 30 12:00:00 AM","CASANARE","1,549","219","126","1,894","$ 39,883,209,741","$ 47,761,669,216","$ 240,913,182","12.92%","ESTUDIOS"
"2023 Jun 30 12:00:00 AM","BOYACA","3,485","563","288","4,336","$ 107,418,629,357","$ 130,431,248,642","$ 797,818,185","12.89%","ESTUDIOS"
"2023 Jun 30 12:00:00 AM","ARAUCA","748","117","70","935","$ 18,789,947,584","$ 22,065,996,154","$ 137,161,611","12.87%","ESTUDIOS"
"2023 Jun 30 12:00:00 AM","CHOCO","323","39","33","395","$ 8,935,176,452","$ 10,217,903,721","$ 55,434,203","12.57%","ESTUDIOS"
"2023 Jun 30 12:00:00 AM","ATLANTICO","18,592","2,435","1,695","22,722","$ 587,449,311,682","$ 681,929,055,377","$ 3,883,394,860","11.07%","ESTUDIOS"
"2023 Jun 30 12:00:00 AM","GUAINIA","17","1","2","20","$ 378,208,039","$ 440,010,404","$ 8,917,225","10.44%","ESTUDIOS"
"2023 Jun 30 12:00:00 AM","RISARALDA","1,872","230","103","2,205","$ 45,990,892,121","$ 55,163,260,174","$ 297,383,929","10.08%","ESTUDIOS"
"2023 Jun 30 12:00:00 AM","VICHADA","42","3","4","49","$ 820,329,375","$ 944,038,680","$ 5,127,967","9.93%","ESTUDIOS"
"2023 Jun 30 12:00:00 AM","SANTANDER","6,497","798","466","7,761","$ 189,509,092,073","$ 226,363,344,641","$ 1,117,600,401","9.74%","ESTUDIOS"
"2023 Jun 30 12:00:00 AM","VALLE DEL CAUCA","11,950","1,582","696","14,228","$ 393,075,840,363","$ 479,064,908,503","$ 2,206,465,543","9.56%","ESTUDIOS"
"2023 Jun 30 12:00:00 AM","META","2,685","302","191","3,178","$ 75,826,935,564","$ 89,048,194,459","$ 412,587,958","9.5%","ESTUDIOS"
"2023 Jun 30 12:00:00 AM","DISTRITO CAPITAL","33,314","4,104","1,773","39,191","$ 1,153,871,751,809","$ 1,411,669,803,307","$ 6,898,724,522","8.64%","ESTUDIOS"
"2023 Jun 30 12:00:00 AM","MAGDALENA","4,669","401","314","5,384","$ 121,472,394,505","$ 139,465,063,938","$ 721,653,984","8.4%","ESTUDIOS"
"2023 Jun 30 12:00:00 AM","CAUCA","1,837","193","89","2,119","$ 44,023,551,403","$ 51,476,273,810","$ 203,367,422","8.17%","ESTUDIOS"
"2023 Jun 30 12:00:00 AM","NORTE DE SANTANDER","2,649","302","179","3,130","$ 79,523,507,763","$ 93,648,716,935","$ 388,142,096","8%","ESTUDIOS"
"2023 Jun 30 12:00:00 AM","LA GUAJIRA","3,286","314","271","3,871","$ 111,926,015,608","$ 127,795,831,837","$ 485,276,902","7.82%","ESTUDIOS"
"2023 Jun 30 12:00:00 AM","CALDAS","1,895","214","106","2,215","$ 46,894,004,558","$ 56,755,311,574","$ 250,832,851","7.52%","ESTUDIOS"
"2023 Jun 30 12:00:00 AM","TOLIMA","2,674","299","139","3,112","$ 69,728,137,473","$ 83,239,667,579","$ 307,668,058","7.31%","ESTUDIOS"
"2023 Jun 30 12:00:00 AM","QUINDIO","1,291","133","63","1,487","$ 30,222,361,839","$ 37,007,191,149","$ 142,604,631","7.23%","ESTUDIOS"
"2023 Jun 30 12:00:00 AM","CUNDINAMARCA","10,157","904","391","11,452","$ 273,501,938,677","$ 330,849,827,170","$ 1,448,967,958","7.13%","ESTUDIOS"
"2023 Jun 30 12:00:00 AM","ANTIOQUIA","10,698","1,055","483","12,236","$ 278,016,238,487","$ 344,863,832,445","$ 1,398,280,314","6.88%","ESTUDIOS"
"2023 Jun 30 12:00:00 AM","CESAR","4,697","379","242","5,318","$ 126,048,204,757","$ 143,786,650,523","$ 512,816,731","6.78%","ESTUDIOS"
"2023 Jun 30 12:00:00 AM","HUILA","2,159","215","104","2,478","$ 56,019,180,523","$ 65,837,984,068","$ 273,348,971","6.71%","ESTUDIOS"
"2023 Jun 30 12:00:00 AM","GUAVIARE","258","29","14","301","$ 5,923,255,939","$ 6,830,651,623","$ 25,981,185","6.35%","ESTUDIOS"
"2023 Jun 30 12:00:00 AM","NARINO","5,339","482","193","6,014","$ 118,522,696,572","$ 137,471,995,534","$ 379,260,133","6.06%","ESTUDIOS"
"2023 Jun 30 12:00:00 AM","PUTUMAYO","936","81","42","1,059","$ 19,745,563,421","$ 22,937,163,390","$ 67,049,153","5.9%","ESTUDIOS"
"2023 Jun 30 12:00:00 AM","CORDOBA","18,351","1,028","525","19,904","$ 416,246,875,372","$ 473,364,618,420","$ 1,192,290,272","5.44%","ESTUDIOS"
"2023 Jun 30 12:00:00 AM","CAQUETA","544","48","20","612","$ 13,752,258,002","$ 15,911,193,768","$ 47,543,892","4.73%","ESTUDIOS"
"2023 Jun 30 12:00:00 AM","SUCRE","15,797","688","511","16,996","$ 338,227,361,452","$ 385,144,812,929","$ 827,070,562","4.07%","ESTUDIOS"
"2023 Jun 30 12:00:00 AM","VAUPES","2","1","1","4","$ 81,517,611","$ 84,085,660","$ 4,760,016","64.16%","AMORTIZACION"
"2023 Jun 30 12:00:00 AM","AMAZONAS","94","50","28","172","$ 3,053,374,896","$ 3,322,602,409","$ 98,365,782","32.7%","AMORTIZACION"
"2023 Jun 30 12:00:00 AM","LA GUAJIRA","922","450","294","1,666","$ 35,567,596,815","$ 39,400,091,361","$ 1,313,417,295","29.2%","AMORTIZACION"
"2023 Jun 30 12:00:00 AM","VICHADA","20","8","8","36","$ 546,521,348","$ 577,425,211","$ 19,846,893","27.79%","AMORTIZACION"
"2023 Jun 30 12:00:00 AM","GUAINIA","29","17","13","59","$ 743,336,128","$ 802,754,588","$ 25,819,262","27.15%","AMORTIZACION"
"2023 Jun 30 12:00:00 AM","SUCRE","4,202","2,218","1,428","7,848","$ 102,355,560,472","$ 107,629,054,002","$ 3,653,528,311","26.26%","AMORTIZACION"
"2023 Jun 30 12:00:00 AM","PUTUMAYO","1,156","484","261","1,901","$ 20,683,542,974","$ 22,418,459,822","$ 678,177,475","24.51%","AMORTIZACION"
"2023 Jun 30 12:00:00 AM","MAGDALENA","1,700","836","431","2,967","$ 50,581,442,610","$ 53,737,131,687","$ 1,530,397,362","23.9%","AMORTIZACION"
"2023 Jun 30 12:00:00 AM","ARAUCA","926","347","172","1,445","$ 16,575,753,784","$ 17,364,810,995","$ 477,270,018","22.86%","AMORTIZACION"
"2023 Jun 30 12:00:00 AM","CORDOBA","5,117","2,374","1,385","8,876","$ 138,087,936,428","$ 145,303,928,786","$ 4,017,534,550","22.83%","AMORTIZACION"
"2023 Jun 30 12:00:00 AM","CASANARE","1,511","598","242","2,351","$ 30,623,880,586","$ 33,103,017,799","$ 833,087,332","21.17%","AMORTIZACION"
"2023 Jun 30 12:00:00 AM","ATLANTICO","10,954","4,436","2,213","17,603","$ 373,366,010,014","$ 391,047,845,602","$ 9,371,859,677","21.06%","AMORTIZACION"
"2023 Jun 30 12:00:00 AM","CHOCO","107","41","26","174","$ 2,044,737,159","$ 2,174,176,592","$ 60,972,538","20.96%","AMORTIZACION"
"2023 Jun 30 12:00:00 AM","CESAR","1,283","564","289","2,136","$ 36,484,798,232","$ 39,008,920,844","$ 983,803,368","20.42%","AMORTIZACION"
"2023 Jun 30 12:00:00 AM","GUAVIARE","194","87","28","309","$ 3,227,424,619","$ 3,337,594,370","$ 75,356,642","19.95%","AMORTIZACION"
"2023 Jun 30 12:00:00 AM","CAUCA","2,918","986","413","4,317","$ 49,635,470,392","$ 52,417,528,160","$ 1,158,626,943","19.1%","AMORTIZACION"
"2023 Jun 30 12:00:00 AM","META","2,231","873","379","3,483","$ 50,990,284,818","$ 53,157,044,225","$ 1,262,476,518","18.59%","AMORTIZACION"
"2023 Jun 30 12:00:00 AM","CAQUETA","789","264","112","1,165","$ 10,621,126,628","$ 11,013,014,373","$ 229,812,033","18.19%","AMORTIZACION"
"2023 Jun 30 12:00:00 AM","BOYACA","3,635","1,185","494","5,314","$ 94,114,664,275","$ 99,135,624,618","$ 1,926,606,653","17.99%","AMORTIZACION"
"2023 Jun 30 12:00:00 AM","NORTE DE SANTANDER","3,164","1,093","486","4,743","$ 67,397,067,789","$ 70,719,458,116","$ 1,525,084,374","17.9%","AMORTIZACION"
"2023 Jun 30 12:00:00 AM","RISARALDA","2,984","901","356","4,241","$ 56,215,781,054","$ 59,261,097,531","$ 1,181,826,477","16.99%","AMORTIZACION"
"2023 Jun 30 12:00:00 AM","HUILA","2,287","782","283","3,352","$ 45,749,988,160","$ 49,002,652,614","$ 970,221,075","16.85%","AMORTIZACION"
"2023 Jun 30 12:00:00 AM","TOLIMA","3,438","1,073","476","4,987","$ 66,736,662,727","$ 69,433,100,923","$ 1,338,495,580","16.2%","AMORTIZACION"
"2023 Jun 30 12:00:00 AM","NARINO","4,199","1,220","449","5,868","$ 72,852,905,250","$ 75,767,151,860","$ 1,329,235,762","15.16%","AMORTIZACION"
"2023 Jun 30 12:00:00 AM","SANTANDER","7,706","2,491","912","11,109","$ 186,423,224,618","$ 196,372,350,066","$ 3,507,568,579","15.04%","AMORTIZACION"
"2023 Jun 30 12:00:00 AM","ANTIOQUIA","9,834","3,084","1,063","13,981","$ 245,767,194,434","$ 255,896,266,885","$ 4,155,266,301","14.72%","AMORTIZACION"
"2023 Jun 30 12:00:00 AM","QUINDIO","1,834","532","200","2,566","$ 36,156,430,096","$ 37,514,321,140","$ 665,850,798","14.41%","AMORTIZACION"
"2023 Jun 30 12:00:00 AM","VALLE DEL CAUCA","12,200","3,333","1,315","16,848","$ 363,714,175,235","$ 378,209,456,189","$ 6,101,744,554","14.35%","AMORTIZACION"
"2023 Jun 30 12:00:00 AM","CUNDINAMARCA","7,988","2,047","835","10,870","$ 219,822,082,686","$ 232,600,731,665","$ 3,584,691,573","13.73%","AMORTIZACION"
"2023 Jun 30 12:00:00 AM","CALDAS","2,824","744","264","3,832","$ 60,323,592,816","$ 63,216,770,338","$ 988,241,932","13.55%","AMORTIZACION"
"2023 Jun 30 12:00:00 AM","DISTRITO CAPITAL","35,378","8,516","3,074","46,968","$ 1,090,097,623,511","$ 1,137,281,832,799","$ 16,222,947,803","12.35%","AMORTIZACION"
"2023 Jun 30 12:00:00 AM","SAN ANDRES","123","18","27","168","$ 4,184,341,790","$ 4,871,776,106","$ 74,043,653","22.82%","ESTUDIOS"
"2023 Jun 30 12:00:00 AM","SAN ANDRES","102","60","51","213","$ 3,340,955,842","$ 4,133,903,829","$ 172,116,817","28.53%","AMORTIZACION"
"2023 Sep 30 12:00:00 AM","VAUPES","0","2","1","3","$ 76,564,838","$ 78,134,364","$ 1,396,328","0.15%","AMORTIZACION"
"2023 Sep 30 12:00:00 AM","GUAINIA","16","3","1","20","$ 477,397,285","$ 553,319,788","$ 11,047,890","3.24%","ESTUDIOS"
"2023 Sep 30 12:00:00 AM","VAUPES","22","1","2","25","$ 405,096,529","$ 463,261,139","$ 1,825,019","3.33%","ESTUDIOS"
"2023 Sep 30 12:00:00 AM","EXTRANJERO","33","0","0","33","$ 4,477,504,661","$ 5,254,549,972","$ 0","0%","ESTUDIOS"
"2023 Sep 30 12:00:00 AM","VICHADA","20","10","10","40","$ 558,204,985","$ 595,829,827","$ 26,449,795","29.82%","AMORTIZACION"
"2023 Sep 30 12:00:00 AM","EXTRANJERO","36","5","0","41","$ 2,767,808,414","$ 2,866,196,501","$ 9,676,790","7.16%","AMORTIZACION"
"2023 Sep 30 12:00:00 AM","VICHADA","40","11","1","52","$ 1,006,376,632","$ 1,155,809,423","$ 4,256,671","9.26%","ESTUDIOS"
"2023 Sep 30 12:00:00 AM","GUAINIA","29","17","11","57","$ 729,627,045","$ 793,626,428","$ 30,487,833","29.6%","AMORTIZACION"
"2023 Sep 30 12:00:00 AM","AMAZONAS","82","13","6","101","$ 2,774,636,290","$ 3,332,183,317","$ 19,824,904","10.05%","ESTUDIOS"
"2023 Sep 30 12:00:00 AM","SAN ANDRES","109","36","20","165","$ 4,317,218,373","$ 4,990,509,392","$ 78,883,527","24.99%","ESTUDIOS"
"2023 Sep 30 12:00:00 AM","AMAZONAS","106","29","34","169","$ 3,017,864,327","$ 3,314,738,714","$ 119,915,501","30.89%","AMORTIZACION"
"2023 Sep 30 12:00:00 AM","CHOCO","96","55","27","178","$ 2,086,094,784","$ 2,234,142,797","$ 93,192,141","24.85%","AMORTIZACION"
"2023 Sep 30 12:00:00 AM","SAN ANDRES","120","49","57","226","$ 3,763,610,765","$ 4,219,699,857","$ 193,005,662","28.04%","AMORTIZACION"
"2023 Sep 30 12:00:00 AM","GUAVIARE","199","62","46","307","$ 3,206,096,641","$ 3,339,238,282","$ 99,810,162","26.28%","AMORTIZACION"
"2023 Sep 30 12:00:00 AM","GUAVIARE","268","30","17","315","$ 6,940,040,077","$ 8,032,732,225","$ 36,546,229","6.85%","ESTUDIOS"
"2023 Sep 30 12:00:00 AM","CHOCO","356","67","23","446","$ 11,090,597,367","$ 12,693,975,797","$ 63,049,379","10.87%","ESTUDIOS"
"2023 Sep 30 12:00:00 AM","CAQUETA","561","81","21","663","$ 16,091,342,184","$ 18,623,558,755","$ 63,734,156","8.83%","ESTUDIOS"
"2023 Sep 30 12:00:00 AM","ARAUCA","743","124","61","928","$ 21,114,766,468","$ 24,812,254,261","$ 145,503,668","12.84%","ESTUDIOS"
"2023 Sep 30 12:00:00 AM","CAQUETA","792","210","144","1,146","$ 10,712,626,022","$ 11,195,074,465","$ 304,709,877","19.95%","AMORTIZACION"
"2023 Sep 30 12:00:00 AM","PUTUMAYO","1,050","90","32","1,172","$ 23,442,755,440","$ 27,202,739,352","$ 73,315,033","5.23%","ESTUDIOS"
"2023 Sep 30 12:00:00 AM","ARAUCA","945","288","226","1,459","$ 17,067,778,414","$ 18,026,562,004","$ 624,073,180","23.11%","AMORTIZACION"
"2023 Sep 30 12:00:00 AM","QUINDIO","1,299","214","47","1,560","$ 34,236,338,644","$ 41,473,655,724","$ 159,490,402","8.75%","ESTUDIOS"
"2023 Sep 30 12:00:00 AM","LA GUAJIRA","994","352","394","1,740","$ 38,077,351,926","$ 42,304,041,137","$ 1,789,750,532","32.95%","AMORTIZACION"
"2023 Sep 30 12:00:00 AM","PUTUMAYO","1,220","339","311","1,870","$ 20,849,038,205","$ 22,690,338,355","$ 838,097,390","23.02%","AMORTIZACION"
"2023 Sep 30 12:00:00 AM","CASANARE","1,569","252","82","1,903","$ 43,329,918,149","$ 51,748,199,206","$ 234,795,834","9.89%","ESTUDIOS"
"2023 Sep 30 12:00:00 AM","CESAR","1,374","469","390","2,233","$ 38,623,246,961","$ 41,447,887,590","$ 1,351,809,210","24.65%","AMORTIZACION"
"2023 Sep 30 12:00:00 AM","RISARALDA","1,842","320","75","2,237","$ 50,817,143,126","$ 60,243,925,820","$ 279,896,471","7.68%","ESTUDIOS"
"2023 Sep 30 12:00:00 AM","CAUCA","1,945","266","68","2,279","$ 51,187,306,560","$ 59,529,019,702","$ 205,291,477","7.24%","ESTUDIOS"
"2023 Sep 30 12:00:00 AM","CALDAS","1,904","365","107","2,376","$ 53,000,652,569","$ 63,013,695,693","$ 342,806,369","10.33%","ESTUDIOS"
"2023 Sep 30 12:00:00 AM","CASANARE","1,536","484","365","2,385","$ 32,349,145,653","$ 35,358,645,370","$ 1,161,603,802","23.86%","AMORTIZACION"
"2023 Sep 30 12:00:00 AM","QUINDIO","1,826","471","257","2,554","$ 36,628,653,448","$ 38,310,400,695","$ 888,202,599","17.59%","AMORTIZACION"
"2023 Sep 30 12:00:00 AM","HUILA","2,211","352","93","2,656","$ 64,597,074,410","$ 75,355,261,806","$ 373,996,238","7.78%","ESTUDIOS"
"2023 Sep 30 12:00:00 AM","MAGDALENA","1,824","663","601","3,088","$ 52,414,161,287","$ 56,307,115,974","$ 2,047,498,924","28.23%","AMORTIZACION"
"2023 Sep 30 12:00:00 AM","TOLIMA","2,672","387","136","3,195","$ 78,691,969,795","$ 93,662,132,614","$ 359,252,469","8.49%","ESTUDIOS"
"2023 Sep 30 12:00:00 AM","NORTE DE SANTANDER","2,632","434","144","3,210","$ 89,463,519,437","$ 104,815,495,700","$ 466,786,826","9.94%","ESTUDIOS"
"2023 Sep 30 12:00:00 AM","META","2,736","418","142","3,296","$ 83,469,122,356","$ 98,091,769,356","$ 440,714,177","8.71%","ESTUDIOS"
"2023 Sep 30 12:00:00 AM","HUILA","2,385","636","369","3,390","$ 48,035,858,016","$ 51,660,915,958","$ 1,267,202,023","17.82%","AMORTIZACION"
"2023 Sep 30 12:00:00 AM","META","2,387","638","531","3,556","$ 53,916,344,042","$ 56,644,229,278","$ 1,663,758,381","21.21%","AMORTIZACION"
"2023 Sep 30 12:00:00 AM","CALDAS","2,849","651","353","3,853","$ 62,763,080,610","$ 66,234,802,628","$ 1,281,654,130","15.48%","AMORTIZACION"
"2023 Sep 30 12:00:00 AM","RISARALDA","3,045","748","451","4,244","$ 57,911,911,657","$ 61,722,480,407","$ 1,488,594,609","16.64%","AMORTIZACION"
"2023 Sep 30 12:00:00 AM","CAUCA","2,958","793","551","4,302","$ 50,098,583,733","$ 53,427,995,374","$ 1,569,489,720","21.9%","AMORTIZACION"
"2023 Sep 30 12:00:00 AM","LA GUAJIRA","3,548","629","155","4,332","$ 134,644,211,353","$ 153,854,572,585","$ 529,508,792","9.29%","ESTUDIOS"
"2023 Sep 30 12:00:00 AM","BOYACA","3,543","754","221","4,518","$ 119,841,172,207","$ 144,147,216,288","$ 809,145,403","12.22%","ESTUDIOS"
"2023 Sep 30 12:00:00 AM","NORTE DE SANTANDER","3,274","881","638","4,793","$ 69,740,598,958","$ 74,223,033,108","$ 2,031,947,816","20.31%","AMORTIZACION"
"2023 Sep 30 12:00:00 AM","TOLIMA","3,456","917","611","4,984","$ 68,078,328,354","$ 71,336,612,144","$ 1,837,138,479","19.17%","AMORTIZACION"
"2023 Sep 30 12:00:00 AM","BOYACA","3,831","947","636","5,414","$ 97,566,747,802","$ 104,164,188,790","$ 2,465,969,261","18.36%","AMORTIZACION"
"2023 Sep 30 12:00:00 AM","MAGDALENA","4,818","779","235","5,832","$ 143,826,536,276","$ 165,490,646,421","$ 874,460,622","9.96%","ESTUDIOS"
"2023 Sep 30 12:00:00 AM","NARINO","4,318","948","573","5,839","$ 73,714,533,913","$ 77,199,818,397","$ 1,645,876,767","15.32%","AMORTIZACION"
"2023 Sep 30 12:00:00 AM","CESAR","5,135","755","178","6,068","$ 156,164,360,964","$ 177,986,122,193","$ 633,470,948","7.34%","ESTUDIOS"
"2023 Sep 30 12:00:00 AM","NARINO","5,639","687","161","6,487","$ 139,384,758,024","$ 161,563,044,147","$ 455,165,858","6.22%","ESTUDIOS"
"2023 Sep 30 12:00:00 AM","SANTANDER","6,512","1,109","386","8,007","$ 209,071,962,789","$ 248,627,305,315","$ 1,287,268,556","10.87%","ESTUDIOS"
"2023 Sep 30 12:00:00 AM","SUCRE","4,752","1,545","1,976","8,273","$ 107,879,007,782","$ 115,016,163,042","$ 5,157,300,820","32.35%","AMORTIZACION"
"2023 Sep 30 12:00:00 AM","BOLIVAR","5,495","1,821","1,950","9,266","$ 132,407,092,086","$ 142,496,288,707","$ 5,714,913,245","27.43%","AMORTIZACION"
"2023 Sep 30 12:00:00 AM","CORDOBA","5,629","1,847","1,904","9,380","$ 145,361,808,946","$ 155,029,952,234","$ 5,521,553,563","26.36%","AMORTIZACION"
"2023 Sep 30 12:00:00 AM","CUNDINAMARCA","8,131","1,795","1,075","11,001","$ 229,695,387,748","$ 244,536,365,656","$ 4,785,244,466","15.6%","AMORTIZACION"
"2023 Sep 30 12:00:00 AM","SANTANDER","7,934","2,070","1,148","11,152","$ 192,545,491,856","$ 204,602,686,472","$ 4,531,975,564","17.06%","AMORTIZACION"
"2023 Sep 30 12:00:00 AM","CUNDINAMARCA","10,090","1,375","355","11,820","$ 298,746,716,806","$ 360,248,444,074","$ 1,701,930,566","8.49%","ESTUDIOS"
"2023 Sep 30 12:00:00 AM","ANTIOQUIA","10,686","1,788","438","12,912","$ 317,165,758,880","$ 385,915,792,945","$ 1,807,449,067","8.39%","ESTUDIOS"
"2023 Sep 30 12:00:00 AM","ANTIOQUIA","10,084","2,667","1,423","14,174","$ 255,119,846,357","$ 267,666,484,605","$ 5,470,891,419","16.46%","AMORTIZACION"
"2023 Sep 30 12:00:00 AM","VALLE DEL CAUCA","12,165","2,319","583","15,067","$ 442,352,420,281","$ 534,132,058,378","$ 2,625,472,483","9.13%","ESTUDIOS"
"2023 Sep 30 12:00:00 AM","BOLIVAR","13,321","1,369","462","15,152","$ 350,217,645,912","$ 403,936,499,635","$ 1,423,257,541","6.72%","ESTUDIOS"
"2023 Sep 30 12:00:00 AM","VALLE DEL CAUCA","12,439","2,941","1,654","17,034","$ 376,819,649,107","$ 394,890,640,366","$ 7,816,794,628","15.37%","AMORTIZACION"
"2023 Sep 30 12:00:00 AM","SUCRE","16,439","978","394","17,811","$ 390,347,844,539","$ 447,917,827,202","$ 898,699,216","3.73%","ESTUDIOS"
"2023 Sep 30 12:00:00 AM","ATLANTICO","11,468","3,621","3,059","18,148","$ 395,171,856,356","$ 417,469,189,804","$ 13,038,322,788","25.48%","AMORTIZACION"
"2023 Sep 30 12:00:00 AM","CORDOBA","19,794","1,365","466","21,625","$ 492,196,433,906","$ 561,562,837,364","$ 1,353,150,295","4.81%","ESTUDIOS"
"2023 Sep 30 12:00:00 AM","ATLANTICO","18,909","4,463","1,219","24,591","$ 670,915,248,442","$ 778,951,775,299","$ 4,652,171,019","12.14%","ESTUDIOS"
"2023 Sep 30 12:00:00 AM","DISTRITO CAPITAL","33,142","5,822","1,604","40,568","$ 1,277,147,078,286","$ 1,543,950,789,501","$ 7,837,507,780","9.26%","ESTUDIOS"
"2023 Sep 30 12:00:00 AM","DISTRITO CAPITAL","36,315","7,431","4,026","47,772","$ 1,146,037,765,369","$ 1,203,325,928,138","$ 21,103,745,388","13.69%","AMORTIZACION"
"2023 Dec 31 12:00:00 AM","GUAINIA","17","3","1","21","$ 494,560,571","$ 584,259,386","$ 15,196,173","23.08%","ESTUDIOS"
"2023 Dec 31 12:00:00 AM","SAN ANDRES","115","23","16","154","$ 4,192,819,412","$ 4,935,961,423","$ 49,641,953","15.87%","ESTUDIOS"
"2023 Dec 31 12:00:00 AM","ARAUCA","710","103","62","875","$ 19,557,925,464","$ 23,273,409,109","$ 148,526,070","14.86%","ESTUDIOS"
"2023 Dec 31 12:00:00 AM","BOYACA","3,353","545","285","4,183","$ 109,130,940,347","$ 133,424,764,819","$ 842,800,474","14.07%","ESTUDIOS"
"2023 Dec 31 12:00:00 AM","VICHADA","35","8","5","48","$ 840,873,576","$ 986,683,875","$ 8,619,307","13.7%","ESTUDIOS"
"2023 Dec 31 12:00:00 AM","ATLANTICO","18,366","2,603","1,856","22,825","$ 617,533,070,072","$ 730,055,331,730","$ 4,592,694,530","11.54%","ESTUDIOS"
"2023 Dec 31 12:00:00 AM","AMAZONAS","86","9","6","101","$ 2,728,778,028","$ 3,301,554,791","$ 14,567,676","11.18%","ESTUDIOS"
"2023 Dec 31 12:00:00 AM","CASANARE","1,452","184","102","1,738","$ 40,004,035,565","$ 48,646,123,554","$ 215,756,041","10.76%","ESTUDIOS"
"2023 Dec 31 12:00:00 AM","VALLE DEL CAUCA","11,715","1,662","745","14,122","$ 406,808,716,402","$ 498,609,101,027","$ 2,587,025,106","10.27%","ESTUDIOS"
"2023 Dec 31 12:00:00 AM","SANTANDER","6,125","783","405","7,313","$ 188,409,664,462","$ 226,842,522,547","$ 1,091,229,686","10.26%","ESTUDIOS"
"2023 Dec 31 12:00:00 AM","QUINDIO","1,206","156","67","1,429","$ 31,232,598,044","$ 38,347,966,883","$ 160,699,654","9.66%","ESTUDIOS"
"2023 Dec 31 12:00:00 AM","META","2,552","310","165","3,027","$ 75,685,082,882","$ 90,643,558,874","$ 449,684,153","9.54%","ESTUDIOS"
"2023 Dec 31 12:00:00 AM","CHOCO","363","46","32","441","$ 10,778,696,327","$ 12,490,190,176","$ 57,088,382","8.86%","ESTUDIOS"
"2023 Dec 31 12:00:00 AM","RISARALDA","1,720","198","104","2,022","$ 44,923,269,990","$ 53,837,332,353","$ 289,443,414","8.73%","ESTUDIOS"
"2023 Dec 31 12:00:00 AM","GUAVIARE","245","30","17","292","$ 6,671,499,993","$ 7,803,860,183","$ 30,138,878","8.72%","ESTUDIOS"
"2023 Dec 31 12:00:00 AM","DISTRITO CAPITAL","31,760","3,801","1,803","37,364","$ 1,168,301,161,052","$ 1,432,637,357,666","$ 7,148,953,727","8.57%","ESTUDIOS"
"2023 Dec 31 12:00:00 AM","NORTE DE SANTANDER","2,516","315","181","3,012","$ 84,353,087,308","$ 100,483,454,642","$ 441,674,291","8.5%","ESTUDIOS"
"2023 Dec 31 12:00:00 AM","LA GUAJIRA","3,595","355","241","4,191","$ 130,189,080,564","$ 151,134,229,592","$ 525,342,488","8.46%","ESTUDIOS"
"2023 Dec 31 12:00:00 AM","CALDAS","1,861","217","121","2,199","$ 47,829,312,872","$ 57,539,830,795","$ 283,015,728","8.34%","ESTUDIOS"
"2023 Dec 31 12:00:00 AM","TOLIMA","2,563","270","147","2,980","$ 73,348,661,244","$ 88,684,782,132","$ 354,039,519","8.01%","ESTUDIOS"
"2023 Dec 31 12:00:00 AM","HUILA","2,129","239","127","2,495","$ 59,906,460,360","$ 70,835,687,963","$ 353,042,570","7.94%","ESTUDIOS"
"2023 Dec 31 12:00:00 AM","CUNDINAMARCA","9,254","898","405","10,557","$ 273,559,871,261","$ 334,057,267,929","$ 1,443,818,336","7.79%","ESTUDIOS"
"2023 Dec 31 12:00:00 AM","MAGDALENA","4,770","416","326","5,512","$ 136,477,752,479","$ 159,797,479,854","$ 759,245,939","7.74%","ESTUDIOS"
"2023 Dec 31 12:00:00 AM","CAUCA","1,905","175","85","2,165","$ 47,931,269,102","$ 56,628,601,161","$ 199,428,713","7.59%","ESTUDIOS"
"2023 Dec 31 12:00:00 AM","ANTIOQUIA","9,876","1,226","519","11,621","$ 299,208,933,551","$ 363,040,208,229","$ 1,709,136,122","7.43%","ESTUDIOS"
"2023 Dec 31 12:00:00 AM","CAQUETA","548","53","20","621","$ 15,020,637,773","$ 17,732,151,753","$ 54,055,255","7.01%","ESTUDIOS"
"2023 Dec 31 12:00:00 AM","NARINO","5,467","459","220","6,146","$ 130,775,011,319","$ 153,961,186,724","$ 465,089,963","6.42%","ESTUDIOS"
"2023 Dec 31 12:00:00 AM","CESAR","5,232","397","283","5,912","$ 154,051,289,545","$ 178,748,238,541","$ 599,706,334","6.34%","ESTUDIOS"
"2023 Dec 31 12:00:00 AM","BOLIVAR","12,814","867","588","14,269","$ 335,396,333,495","$ 393,604,870,065","$ 1,332,960,606","6.07%","ESTUDIOS"
"2023 Dec 31 12:00:00 AM","CORDOBA","18,861","1,027","630","20,518","$ 469,107,122,702","$ 544,967,276,611","$ 1,465,141,310","5.42%","ESTUDIOS"
"2023 Dec 31 12:00:00 AM","PUTUMAYO","1,001","79","35","1,115","$ 22,232,989,975","$ 26,281,498,842","$ 72,982,759","5.22%","ESTUDIOS"
"2023 Dec 31 12:00:00 AM","SUCRE","15,444","731","502","16,677","$ 372,769,822,198","$ 434,889,260,249","$ 903,595,033","3.79%","ESTUDIOS"
"2023 Dec 31 12:00:00 AM","VAUPES","19","0","2","21","$ 379,219,448","$ 438,664,066","$ 1,782,481","3.56%","ESTUDIOS"
"2023 Dec 31 12:00:00 AM","EXTRANJERO","27","0","0","27","$ 4,120,144,450","$ 4,817,428,924","$ 0","0%","ESTUDIOS"
"2023 Dec 31 12:00:00 AM","VAUPES","3","2","1","6","$ 123,722,003","$ 126,497,234","$ 4,215,641","38.42%","AMORTIZACION"
"2023 Dec 31 12:00:00 AM","VICHADA","24","5","11","40","$ 664,837,877","$ 710,896,033","$ 29,611,087","27.01%","AMORTIZACION"
"2023 Dec 31 12:00:00 AM","EXTRANJERO","41","6","1","48","$ 3,490,596,757","$ 3,620,460,711","$ 17,260,087","1.88%","AMORTIZACION"
"2023 Dec 31 12:00:00 AM","GUAINIA","29","14","12","55","$ 707,202,932","$ 774,171,709","$ 35,322,003","30.02%","AMORTIZACION"
"2023 Dec 31 12:00:00 AM","AMAZONAS","104","41","27","172","$ 3,197,706,908","$ 3,508,314,553","$ 108,452,642","31.16%","AMORTIZACION"
"2023 Dec 31 12:00:00 AM","CHOCO","99","53","38","190","$ 2,658,340,308","$ 2,816,542,890","$ 127,371,792","24.79%","AMORTIZACION"
"2023 Dec 31 12:00:00 AM","SAN ANDRES","115","64","45","224","$ 3,591,520,071","$ 4,046,262,205","$ 181,305,423","32.25%","AMORTIZACION"
"2023 Dec 31 12:00:00 AM","GUAVIARE","211","75","34","320","$ 3,541,917,028","$ 3,683,390,870","$ 85,249,927","18.13%","AMORTIZACION"
"2023 Dec 31 12:00:00 AM","CAQUETA","780","208","145","1,133","$ 11,245,807,409","$ 11,807,506,503","$ 349,707,320","22.69%","AMORTIZACION"
"2023 Dec 31 12:00:00 AM","ARAUCA","928","323","213","1,464","$ 18,275,345,057","$ 19,341,570,756","$ 611,313,780","25.33%","AMORTIZACION"
"2023 Dec 31 12:00:00 AM","PUTUMAYO","1,172","426","262","1,860","$ 21,432,282,370","$ 23,383,885,822","$ 824,615,421","22.18%","AMORTIZACION"
"2023 Dec 31 12:00:00 AM","LA GUAJIRA","1,066","454","352","1,872","$ 44,297,657,705","$ 48,549,994,256","$ 1,993,388,651","30.61%","AMORTIZACION"
"2023 Dec 31 12:00:00 AM","CESAR","1,461","548","355","2,364","$ 43,776,614,743","$ 46,781,845,780","$ 1,450,699,281","23.52%","AMORTIZACION"
"2023 Dec 31 12:00:00 AM","CASANARE","1,526","559","346","2,431","$ 34,618,082,168","$ 37,376,800,090","$ 1,221,244,139","24.21%","AMORTIZACION"
"2023 Dec 31 12:00:00 AM","QUINDIO","1,841","450","276","2,567","$ 38,253,866,325","$ 40,181,609,599","$ 974,615,473","17.59%","AMORTIZACION"
"2023 Dec 31 12:00:00 AM","MAGDALENA","1,979","779","557","3,315","$ 60,524,506,236","$ 64,567,838,931","$ 2,240,146,782","27.82%","AMORTIZACION"
"2023 Dec 31 12:00:00 AM","HUILA","2,402","661","375","3,438","$ 51,927,007,809","$ 55,783,670,183","$ 1,383,387,711","16.45%","AMORTIZACION"
"2023 Dec 31 12:00:00 AM","META","2,454","754","482","3,690","$ 59,975,801,337","$ 62,929,545,422","$ 1,785,064,395","20.06%","AMORTIZACION"
"2023 Dec 31 12:00:00 AM","CALDAS","2,872","684","310","3,866","$ 66,358,642,091","$ 69,866,894,000","$ 1,253,465,259","13.9%","AMORTIZACION"
"2023 Dec 31 12:00:00 AM","RISARALDA","3,090","758","412","4,260","$ 61,384,133,425","$ 65,184,997,333","$ 1,550,667,512","16.98%","AMORTIZACION"
"2023 Dec 31 12:00:00 AM","CAUCA","2,916","824","521","4,261","$ 52,449,902,743","$ 55,891,121,696","$ 1,720,728,518","21.63%","AMORTIZACION"
"2023 Dec 31 12:00:00 AM","NORTE DE SANTANDER","3,254","977","600","4,831","$ 73,608,674,954","$ 78,338,877,903","$ 2,208,435,017","21.21%","AMORTIZACION"
"2023 Dec 31 12:00:00 AM","TOLIMA","3,484","922","567","4,973","$ 71,887,912,160","$ 75,463,387,290","$ 1,984,754,801","19.26%","AMORTIZACION"
"2023 Dec 31 12:00:00 AM","BOYACA","3,886","1,074","603","5,563","$ 104,872,823,371","$ 111,914,531,367","$ 2,765,992,065","18.87%","AMORTIZACION"
"2023 Dec 31 12:00:00 AM","NARINO","4,319","1,120","553","5,992","$ 81,291,004,737","$ 85,238,767,277","$ 1,823,230,738","15.92%","AMORTIZACION"
"2023 Dec 31 12:00:00 AM","SUCRE","5,087","2,327","1,825","9,239","$ 134,611,039,708","$ 143,375,478,345","$ 6,014,090,363","33.9%","AMORTIZACION"
"2023 Dec 31 12:00:00 AM","BOLIVAR","5,829","2,175","1,767","9,771","$ 153,434,604,503","$ 164,445,650,217","$ 6,312,726,132","29.09%","AMORTIZACION"
"2023 Dec 31 12:00:00 AM","CORDOBA","6,067","2,329","1,873","10,269","$ 172,856,503,145","$ 183,947,507,826","$ 6,171,210,847","27.46%","AMORTIZACION"
"2023 Dec 31 12:00:00 AM","SANTANDER","8,062","2,227","1,062","11,351","$ 208,161,217,242","$ 220,276,924,799","$ 4,685,835,765","16.57%","AMORTIZACION"
"2023 Dec 31 12:00:00 AM","CUNDINAMARCA","8,542","2,210","987","11,739","$ 250,110,420,331","$ 265,890,595,030","$ 5,061,337,305","15.46%","AMORTIZACION"
"2023 Dec 31 12:00:00 AM","ANTIOQUIA","10,447","2,931","1,462","14,840","$ 270,432,736,670","$ 285,853,655,662","$ 5,934,832,927","15.58%","AMORTIZACION"
"2023 Dec 31 12:00:00 AM","VALLE DEL CAUCA","12,706","3,009","1,594","17,309","$ 402,276,906,953","$ 421,930,340,418","$ 8,158,157,225","15.42%","AMORTIZACION"
"2023 Dec 31 12:00:00 AM","ATLANTICO","12,069","4,210","2,831","19,110","$ 439,827,965,352","$ 465,025,331,958","$ 13,743,086,280","25.16%","AMORTIZACION"
"2023 Dec 31 12:00:00 AM","DISTRITO CAPITAL","37,274","7,861","3,839","48,974","$ 1,219,531,154,424","$ 1,281,047,787,640","$ 22,817,733,597","13.69%","AMORTIZACION"
"2024 Mar 31 12:00:00 AM","VAUPES","2","1","3","6","$ 121,758,586","$ 126,434,302","$ 9,569,098","84.85%","AMORTIZACION"
"2024 Mar 31 12:00:00 AM","VICHADA","22","7","11","40","$ 676,114,320","$ 731,061,765","$ 42,836,764","43.93%","AMORTIZACION"
"2024 Mar 31 12:00:00 AM","AMAZONAS","88","46","39","173","$ 3,221,128,542","$ 3,550,206,375","$ 155,715,211","38.16%","AMORTIZACION"
"2024 Mar 31 12:00:00 AM","SUCRE","4,923","1,867","2,487","9,277","$ 133,983,541,752","$ 143,987,284,508","$ 7,951,837,599","36.84%","AMORTIZACION"
"2024 Mar 31 12:00:00 AM","GUAINIA","24","15","13","52","$ 687,086,225","$ 757,161,456","$ 44,965,118","36.75%","AMORTIZACION"
"2024 Mar 31 12:00:00 AM","SAN ANDRES","117","45","64","226","$ 3,791,712,861","$ 4,280,133,138","$ 249,978,053","34.22%","AMORTIZACION"
"2024 Mar 31 12:00:00 AM","LA GUAJIRA","1,026","440","441","1,907","$ 44,813,020,493","$ 49,358,148,816","$ 2,487,857,067","33.7%","AMORTIZACION"
"2024 Mar 31 12:00:00 AM","MAGDALENA","1,866","738","723","3,327","$ 61,517,724,955","$ 66,006,310,096","$ 2,882,997,564","30.79%","AMORTIZACION"
"2024 Mar 31 12:00:00 AM","CORDOBA","5,807","2,093","2,434","10,334","$ 173,726,014,165","$ 186,054,722,032","$ 8,024,154,076","30.36%","AMORTIZACION"
"2024 Mar 31 12:00:00 AM","CHOCO","96","39","52","187","$ 2,953,312,468","$ 3,126,378,588","$ 175,121,315","30.1%","AMORTIZACION"
"2024 Mar 31 12:00:00 AM","ARAUCA","856","351","243","1,450","$ 18,578,043,312","$ 19,767,355,706","$ 772,528,746","29.65%","AMORTIZACION"
"2024 Mar 31 12:00:00 AM","BOLIVAR","5,542","2,085","2,110","9,737","$ 156,606,729,135","$ 168,613,358,334","$ 7,751,276,143","29.59%","AMORTIZACION"
"2024 Mar 31 12:00:00 AM","PUTUMAYO","1,092","428","302","1,822","$ 20,845,452,995","$ 22,921,855,045","$ 1,035,277,561","28.27%","AMORTIZACION"
"2024 Mar 31 12:00:00 AM","ATLANTICO","11,715","4,077","3,441","19,233","$ 448,675,669,852","$ 476,605,254,547","$ 17,239,054,463","27.12%","AMORTIZACION"
"2024 Mar 31 12:00:00 AM","CASANARE","1,457","568","401","2,426","$ 35,287,619,315","$ 38,227,471,969","$ 1,457,559,900","26.21%","AMORTIZACION"
"2024 Mar 31 12:00:00 AM","CESAR","1,377","542","452","2,371","$ 44,427,792,047","$ 47,695,297,914","$ 1,858,361,979","26.02%","AMORTIZACION"
"2024 Mar 31 12:00:00 AM","CAQUETA","685","269","157","1,111","$ 11,079,989,736","$ 11,692,524,043","$ 442,960,613","25.05%","AMORTIZACION"
"2024 Mar 31 12:00:00 AM","CAUCA","2,791","797","597","4,185","$ 51,828,195,329","$ 55,462,149,066","$ 2,077,586,917","24.33%","AMORTIZACION"
"2024 Mar 31 12:00:00 AM","NORTE DE SANTANDER","3,082","994","709","4,785","$ 75,228,411,670","$ 80,287,321,974","$ 2,785,353,481","22.84%","AMORTIZACION"
"2024 Mar 31 12:00:00 AM","META","2,350","761","554","3,665","$ 60,877,443,592","$ 64,177,967,981","$ 2,189,087,519","22.17%","AMORTIZACION"
"2024 Mar 31 12:00:00 AM","QUINDIO","1,743","479","312","2,534","$ 38,619,658,883","$ 40,667,574,400","$ 1,160,227,428","21.29%","AMORTIZACION"
"2024 Mar 31 12:00:00 AM","BOYACA","3,653","1,140","689","5,482","$ 103,994,564,594","$ 111,506,797,436","$ 3,328,761,904","20.37%","AMORTIZACION"
"2024 Mar 31 12:00:00 AM","TOLIMA","3,325","898","662","4,885","$ 71,565,099,850","$ 75,470,743,659","$ 2,433,503,429","20.21%","AMORTIZACION"
"2024 Mar 31 12:00:00 AM","RISARALDA","2,819","832","508","4,159","$ 60,800,137,139","$ 64,852,693,362","$ 2,046,462,923","20.18%","AMORTIZACION"
"2024 Mar 31 12:00:00 AM","HUILA","2,239","724","417","3,380","$ 51,472,262,820","$ 55,553,231,770","$ 1,705,895,638","19.4%","AMORTIZACION"
"2024 Mar 31 12:00:00 AM","SANTANDER","7,642","2,265","1,292","11,199","$ 208,003,984,955","$ 220,917,697,886","$ 5,995,645,734","18.91%","AMORTIZACION"
"2024 Mar 31 12:00:00 AM","NARINO","4,167","1,077","682","5,926","$ 80,320,190,137","$ 84,566,479,313","$ 2,294,609,585","18.86%","AMORTIZACION"
"2024 Mar 31 12:00:00 AM","GUAVIARE","208","70","47","325","$ 3,783,062,955","$ 3,949,489,693","$ 115,656,196","18.5%","AMORTIZACION"
"2024 Mar 31 12:00:00 AM","CALDAS","2,698","701","390","3,789","$ 65,607,011,439","$ 69,381,617,098","$ 1,656,392,076","18.16%","AMORTIZACION"
"2024 Mar 31 12:00:00 AM","VALLE DEL CAUCA","12,030","3,186","1,920","17,136","$ 402,617,399,876","$ 423,891,376,248","$ 10,439,029,398","18.12%","AMORTIZACION"
"2024 Mar 31 12:00:00 AM","ANTIOQUIA","9,972","2,885","1,878","14,735","$ 269,990,781,062","$ 286,600,812,408","$ 7,371,941,282","18.04%","AMORTIZACION"
"2024 Mar 31 12:00:00 AM","CUNDINAMARCA","8,101","2,154","1,373","11,628","$ 251,897,999,198","$ 268,520,222,553","$ 6,411,061,712","17.38%","AMORTIZACION"
"2024 Mar 31 12:00:00 AM","DISTRITO CAPITAL","35,223","8,531","4,591","48,345","$ 1,227,175,446,512","$ 1,293,302,510,915","$ 29,136,775,262","16.05%","AMORTIZACION"
"2024 Mar 31 12:00:00 AM","EXTRANJERO","42","2","3","47","$ 3,294,961,287","$ 3,437,904,845","$ 20,679,120","6.24%","AMORTIZACION"
"2024 Mar 31 12:00:00 AM","SAN ANDRES","114","38","10","162","$ 4,170,680,567","$ 4,921,098,111","$ 37,483,625","16.73%","ESTUDIOS"
"2024 Mar 31 12:00:00 AM","ARAUCA","710","114","56","880","$ 20,315,991,745","$ 24,229,744,706","$ 152,748,114","15.13%","ESTUDIOS"
"2024 Mar 31 12:00:00 AM","BOYACA","3,335","707","234","4,276","$ 111,092,580,953","$ 136,664,947,135","$ 871,465,078","13.39%","ESTUDIOS"
"2024 Mar 31 12:00:00 AM","ATLANTICO","19,064","4,013","1,299","24,376","$ 659,302,014,770","$ 780,561,516,639","$ 4,895,521,835","12.45%","ESTUDIOS"
"2024 Mar 31 12:00:00 AM","CASANARE","1,408","232","90","1,730","$ 41,204,764,097","$ 50,192,490,400","$ 247,217,160","12.35%","ESTUDIOS"
"2024 Mar 31 12:00:00 AM","CHOCO","388","70","26","484","$ 12,080,205,251","$ 13,990,796,774","$ 70,812,010","11.99%","ESTUDIOS"
"2024 Mar 31 12:00:00 AM","LA GUAJIRA","3,822","670","186","4,678","$ 150,477,238,059","$ 174,096,729,376","$ 637,490,852","10.93%","ESTUDIOS"
"2024 Mar 31 12:00:00 AM","SANTANDER","6,014","1,089","329","7,432","$ 191,796,018,282","$ 232,184,075,408","$ 1,189,518,458","10.57%","ESTUDIOS"
"2024 Mar 31 12:00:00 AM","QUINDIO","1,180","207","60","1,447","$ 31,398,026,934","$ 38,639,629,417","$ 185,261,850","10.49%","ESTUDIOS"
"2024 Mar 31 12:00:00 AM","MAGDALENA","5,042","736","231","6,009","$ 151,634,564,815","$ 177,635,690,240","$ 897,136,167","10.37%","ESTUDIOS"
"2024 Mar 31 12:00:00 AM","VALLE DEL CAUCA","11,618","2,260","633","14,511","$ 410,114,221,804","$ 506,425,919,811","$ 2,802,374,490","10.3%","ESTUDIOS"
"2024 Mar 31 12:00:00 AM","HUILA","2,091","356","118","2,565","$ 63,218,257,201","$ 75,080,357,939","$ 430,914,312","9.95%","ESTUDIOS"
"2024 Mar 31 12:00:00 AM","DISTRITO CAPITAL","30,677","5,320","1,500","37,497","$ 1,141,005,193,846","$ 1,413,543,776,834","$ 8,177,832,656","9.9%","ESTUDIOS"
"2024 Mar 31 12:00:00 AM","CALDAS","1,828","332","88","2,248","$ 48,202,736,598","$ 58,460,143,616","$ 328,668,685","9.74%","ESTUDIOS"
"2024 Mar 31 12:00:00 AM","META","2,546","409","133","3,088","$ 77,701,431,811","$ 93,480,648,988","$ 468,363,553","9.35%","ESTUDIOS"
"2024 Mar 31 12:00:00 AM","NORTE DE SANTANDER","2,559","428","157","3,144","$ 87,239,258,402","$ 104,126,828,275","$ 533,397,157","9.33%","ESTUDIOS"
"2024 Mar 31 12:00:00 AM","CUNDINAMARCA","8,967","1,240","370","10,577","$ 273,296,884,556","$ 336,825,868,351","$ 1,733,042,282","8.99%","ESTUDIOS"
"2024 Mar 31 12:00:00 AM","CAQUETA","558","71","27","656","$ 16,253,317,694","$ 19,280,239,777","$ 74,766,318","8.99%","ESTUDIOS"
"2024 Mar 31 12:00:00 AM","ANTIOQUIA","9,831","1,598","479","11,908","$ 304,903,894,250","$ 371,922,932,868","$ 1,975,182,908","8.91%","ESTUDIOS"
"2024 Mar 31 12:00:00 AM","RISARALDA","1,722","306","88","2,116","$ 45,415,915,367","$ 54,750,202,586","$ 345,231,232","8.76%","ESTUDIOS"
"2024 Mar 31 12:00:00 AM","TOLIMA","2,567","373","139","3,079","$ 75,948,161,919","$ 92,197,326,354","$ 420,488,697","8.72%","ESTUDIOS"
"2024 Mar 31 12:00:00 AM","GUAVIARE","248","35","10","293","$ 7,109,886,187","$ 8,322,337,662","$ 22,255,107","8.41%","ESTUDIOS"
"2024 Mar 31 12:00:00 AM","CESAR","5,800","727","229","6,756","$ 179,218,674,765","$ 207,482,836,765","$ 739,296,993","8.28%","ESTUDIOS"
"2024 Mar 31 12:00:00 AM","VICHADA","34","9","4","47","$ 860,791,376","$ 1,019,332,949","$ 8,556,193","7.87%","ESTUDIOS"
"2024 Mar 31 12:00:00 AM","CAUCA","1,957","258","70","2,285","$ 51,727,299,546","$ 61,139,871,721","$ 230,400,881","7.75%","ESTUDIOS"
"2024 Mar 31 12:00:00 AM","AMAZONAS","87","11","3","101","$ 2,844,683,496","$ 3,408,467,538","$ 12,366,811","7.4%","ESTUDIOS"
"2024 Mar 31 12:00:00 AM","BOLIVAR","13,709","1,314","462","15,485","$ 369,208,090,020","$ 434,510,093,243","$ 1,435,486,561","6.19%","ESTUDIOS"
"2024 Mar 31 12:00:00 AM","GUAINIA","20","3","1","24","$ 558,302,929","$ 662,151,790","$ 17,469,255","5.94%","ESTUDIOS"
"2024 Mar 31 12:00:00 AM","NARINO","5,815","668","177","6,660","$ 146,280,085,936","$ 171,821,561,669","$ 498,301,741","5.86%","ESTUDIOS"
"2024 Mar 31 12:00:00 AM","CORDOBA","20,838","1,380","567","22,785","$ 537,913,894,704","$ 623,482,683,297","$ 1,688,705,698","5.33%","ESTUDIOS"
"2024 Mar 31 12:00:00 AM","PUTUMAYO","1,084","100","27","1,211","$ 25,639,778,432","$ 30,223,628,131","$ 75,727,879","4.68%","ESTUDIOS"
"2024 Mar 31 12:00:00 AM","SUCRE","16,346","948","392","17,686","$ 414,808,130,468","$ 484,312,880,030","$ 964,436,933","3.64%","ESTUDIOS"
"2024 Mar 31 12:00:00 AM","VAUPES","19","0","2","21","$ 413,845,722","$ 474,028,484","$ 1,862,127","3.26%","ESTUDIOS"
"2024 Mar 31 12:00:00 AM","EXTRANJERO","25","0","0","25","$ 4,034,651,526","$ 4,809,346,632","$ 0","0%","ESTUDIOS"
"2024 Mar 31 12:00:00 AM","Sin Informacion","1","0","0","1","$ 14,334,600","$ 14,819,970","$ 0","0%","ESTUDIOS"
"2024 Jun 30 12:00:00 AM","AMAZONAS","83","11","2","96","$ 2,868,606,291","$ 3,428,860,742","$ 5,605,180","2.93%","Estudios"
"2024 Jun 30 12:00:00 AM","ANTIOQUIA","10,314","1,240","551","12,105","$ 331,201,227,194","$ 400,327,822,223","$ 1,757,221,718","6.7%","Estudios"
"2024 Jun 30 12:00:00 AM","ARAUCA","726","96","69","891","$ 21,054,766,552","$ 25,078,512,248","$ 160,982,819","13.14%","Estudios"
"2024 Jun 30 12:00:00 AM","ATLANTICO","19,365","2,743","2,011","24,119","$ 679,040,871,709","$ 805,541,082,349","$ 4,969,305,983","10.48%","Estudios"
"2024 Jun 30 12:00:00 AM","BOLIVAR","13,866","990","600","15,456","$ 378,030,486,830","$ 447,076,748,558","$ 1,361,082,614","5.2%","Estudios"
"2024 Jun 30 12:00:00 AM","BOYACA","3,453","536","303","4,292","$ 115,350,278,358","$ 141,014,416,643","$ 933,046,384","12.34%","Estudios"
"2024 Jun 30 12:00:00 AM","CALDAS","1,999","260","117","2,376","$ 54,867,638,845","$ 65,881,909,613","$ 331,022,432","7.29%","Estudios"
"2024 Jun 30 12:00:00 AM","CAQUETA","594","43","32","669","$ 17,233,816,621","$ 20,481,961,329","$ 62,820,479","6.84%","Estudios"
"2024 Jun 30 12:00:00 AM","CASANARE","1,380","151","118","1,649","$ 40,145,903,271","$ 48,759,497,250","$ 220,783,802","10.69%","Estudios"
"2024 Jun 30 12:00:00 AM","CAUCA","2,091","194","98","2,383","$ 55,389,295,740","$ 65,238,886,085","$ 228,029,627","7.38%","Estudios"
"2024 Jun 30 12:00:00 AM","CESAR","6,114","490","305","6,909","$ 185,939,910,172","$ 216,685,008,804","$ 729,376,584","5.75%","Estudios"
"2024 Jun 30 12:00:00 AM","CHOCO","425","39","28","492","$ 12,420,512,098","$ 14,369,488,217","$ 44,418,639","8.16%","Estudios"
"2024 Jun 30 12:00:00 AM","CORDOBA","20,959","1,143","717","22,819","$ 536,042,340,027","$ 626,284,957,354","$ 1,785,516,203","4.84%","Estudios"
"2024 Jun 30 12:00:00 AM","CUNDINAMARCA","9,225","921","453","10,599","$ 290,550,032,173","$ 354,492,952,384","$ 1,625,230,363","6.95%","Estudios"
"2024 Jun 30 12:00:00 AM","DISTRITO CAPITAL","32,304","3,912","1,767","37,983","$ 1,248,744,309,402","$ 1,524,773,921,916","$ 7,360,693,345","7.23%","Estudios"
"2024 Jun 30 12:00:00 AM","EXTRANJERO","27","0","0","27","$ 4,160,968,843","$ 4,969,662,362","$ 0","0%","Estudios"
"2024 Jun 30 12:00:00 AM","GUAINIA","20","4","0","24","$ 627,116,182","$ 738,743,735","$ 2,475,917","0.17%","Estudios"
"2024 Jun 30 12:00:00 AM","GUAVIARE","239","30","14","283","$ 6,941,639,109","$ 8,200,315,611","$ 21,697,924","8.65%","Estudios"
"2024 Jun 30 12:00:00 AM","HUILA","2,258","251","142","2,651","$ 67,966,988,177","$ 80,379,461,428","$ 374,055,832","7.16%","Estudios"
"2024 Jun 30 12:00:00 AM","LA GUAJIRA","4,051","436","315","4,802","$ 153,655,981,780","$ 178,823,044,901","$ 700,323,680","8.55%","Estudios"
"2024 Jun 30 12:00:00 AM","MAGDALENA","5,121","505","391","6,017","$ 153,039,823,911","$ 180,312,900,815","$ 922,100,830","7.99%","Estudios"
"2024 Jun 30 12:00:00 AM","META","2,579","306","175","3,060","$ 79,595,818,230","$ 95,545,389,903","$ 455,254,781","7.81%","Estudios"
"2024 Jun 30 12:00:00 AM","NARINO","6,083","459","244","6,786","$ 152,557,080,503","$ 179,417,908,698","$ 520,862,728","5.3%","Estudios"
"2024 Jun 30 12:00:00 AM","NORTE DE SANTANDER","2,697","297","165","3,159","$ 90,532,400,617","$ 107,883,421,638","$ 395,764,928","6.25%","Estudios"
"2024 Jun 30 12:00:00 AM","PUTUMAYO","1,102","86","38","1,226","$ 26,237,014,547","$ 31,076,084,379","$ 85,006,303","5.18%","Estudios"
"2024 Jun 30 12:00:00 AM","QUINDIO","1,253","138","70","1,461","$ 33,516,416,857","$ 40,698,943,139","$ 153,628,244","7.56%","Estudios"
"2024 Jun 30 12:00:00 AM","RISARALDA","1,779","245","104","2,128","$ 48,971,532,120","$ 58,604,483,817","$ 322,642,324","8.76%","Estudios"
"2024 Jun 30 12:00:00 AM","SAN ANDRES","124","26","15","165","$ 4,358,672,428","$ 5,178,452,385","$ 42,196,647","13.81%","Estudios"
"2024 Jun 30 12:00:00 AM","SANTANDER","6,232","739","404","7,375","$ 198,381,888,574","$ 239,468,236,262","$ 1,023,338,392","8.64%","Estudios"
"2024 Jun 30 12:00:00 AM","Sin Informacion","1","0","0","1","$ 14,334,600","$ 14,852,581","$ 0","0%","Estudios"
"2024 Jun 30 12:00:00 AM","SUCRE","15,836","807","574","17,217","$ 404,745,968,306","$ 476,643,909,478","$ 1,141,134,476","3.87%","Estudios"
"2024 Jun 30 12:00:00 AM","TOLIMA","2,614","280","150","3,044","$ 78,478,686,492","$ 94,671,060,751","$ 359,164,970","6.64%","Estudios"
"2024 Jun 30 12:00:00 AM","VALLE DEL CAUCA","12,423","1,579","818","14,820","$ 440,464,760,345","$ 537,564,699,556","$ 2,713,674,257","9.11%","Estudios"
"2024 Jun 30 12:00:00 AM","VAUPES","22","0","0","22","$ 496,714,089","$ 565,328,826","$ 0","0%","Estudios"
"2024 Jun 30 12:00:00 AM","VICHADA","35","6","5","46","$ 917,566,045","$ 1,080,547,851","$ 10,874,898","7.78%","Estudios"
"2024 Jun 30 12:00:00 AM","AMAZONAS","105","27","32","164","$ 3,233,811,704","$ 3,546,001,874","$ 123,923,311","30.36%","Amortizacion"
"2024 Jun 30 12:00:00 AM","ANTIOQUIA","10,140","2,671","1,740","14,551","$ 275,733,871,023","$ 291,695,259,948","$ 6,290,694,874","15.17%","Amortizacion"
"2024 Jun 30 12:00:00 AM","ARAUCA","907","282","216","1,405","$ 18,977,367,184","$ 20,141,485,412","$ 675,185,911","26.05%","Amortizacion"
"2024 Jun 30 12:00:00 AM","ATLANTICO","12,188","4,170","3,050","19,408","$ 471,090,275,587","$ 498,501,726,658","$ 14,717,021,836","23.4%","Amortizacion"
"2024 Jun 30 12:00:00 AM","BOLIVAR","5,721","2,271","1,692","9,684","$ 171,590,736,718","$ 182,732,829,543","$ 6,140,078,374","24.68%","Amortizacion"
"2024 Jun 30 12:00:00 AM","BOYACA","3,857","1,021","558","5,436","$ 108,829,527,056","$ 116,046,674,069","$ 2,487,306,765","17.06%","Amortizacion"
"2024 Jun 30 12:00:00 AM","CALDAS","2,736","603","360","3,699","$ 64,999,334,079","$ 68,730,459,992","$ 1,409,017,982","16.06%","Amortizacion"
"2024 Jun 30 12:00:00 AM","CAQUETA","739","182","151","1,072","$ 11,268,308,904","$ 11,849,177,353","$ 362,417,068","17.93%","Amortizacion"
"2024 Jun 30 12:00:00 AM","CASANARE","1,549","534","335","2,418","$ 37,933,487,802","$ 40,640,980,125","$ 1,128,032,562","21.95%","Amortizacion"
"2024 Jun 30 12:00:00 AM","CAUCA","2,810","762","486","4,058","$ 51,328,347,227","$ 54,604,657,219","$ 1,561,052,960","19.29%","Amortizacion"
"2024 Jun 30 12:00:00 AM","CESAR","1,493","508","427","2,428","$ 49,365,057,473","$ 52,439,323,438","$ 1,622,792,813","23.66%","Amortizacion"
"2024 Jun 30 12:00:00 AM","CHOCO","95","47","46","188","$ 3,443,016,196","$ 3,631,835,839","$ 184,052,693","29.72%","Amortizacion"
"2024 Jun 30 12:00:00 AM","CORDOBA","6,117","2,464","2,085","10,666","$ 199,125,373,593","$ 211,523,056,636","$ 7,019,838,908","23.55%","Amortizacion"
"2024 Jun 30 12:00:00 AM","CUNDINAMARCA","8,338","1,939","1,292","11,569","$ 261,733,425,159","$ 277,866,112,699","$ 5,617,400,454","15.71%","Amortizacion"
"2024 Jun 30 12:00:00 AM","DISTRITO CAPITAL","36,098","7,623","4,158","47,879","$ 1,254,562,809,575","$ 1,319,416,896,021","$ 24,545,415,886","13.78%","Amortizacion"
"2024 Jun 30 12:00:00 AM","EXTRANJERO","42","5","1","48","$ 3,214,498,340","$ 3,377,157,861","$ 16,445,639","2.99%","Amortizacion"
"2024 Jun 30 12:00:00 AM","GUAINIA","25","14","8","47","$ 569,637,867","$ 620,835,413","$ 23,610,417","27.57%","Amortizacion"
"2024 Jun 30 12:00:00 AM","GUAVIARE","217","70","48","335","$ 4,245,547,724","$ 4,413,397,428","$ 116,241,463","18.89%","Amortizacion"
"2024 Jun 30 12:00:00 AM","HUILA","2,367","617","372","3,356","$ 53,608,971,126","$ 57,380,021,264","$ 1,299,938,041","16.39%","Amortizacion"
"2024 Jun 30 12:00:00 AM","LA GUAJIRA","1,085","445","378","1,908","$ 49,848,673,838","$ 53,329,629,239","$ 1,814,356,836","25.32%","Amortizacion"
"2024 Jun 30 12:00:00 AM","MAGDALENA","1,996","774","643","3,413","$ 68,231,112,675","$ 72,530,556,547","$ 2,535,561,938","25.72%","Amortizacion"
"2024 Jun 30 12:00:00 AM","META","2,456","706","458","3,620","$ 64,282,780,263","$ 67,487,272,676","$ 1,820,571,846","19.07%","Amortizacion"
"2024 Jun 30 12:00:00 AM","NARINO","4,279","1,061","589","5,929","$ 85,269,921,275","$ 89,498,027,916","$ 1,959,658,422","15.16%","Amortizacion"
"2024 Jun 30 12:00:00 AM","NORTE DE SANTANDER","3,137","937","619","4,693","$ 77,641,383,924","$ 82,255,411,153","$ 2,176,229,565","19.85%","Amortizacion"
"2024 Jun 30 12:00:00 AM","PUTUMAYO","1,150","355","234","1,739","$ 20,854,371,543","$ 22,580,013,408","$ 677,934,388","20.83%","Amortizacion"
"2024 Jun 30 12:00:00 AM","QUINDIO","1,738","453","277","2,468","$ 39,164,460,078","$ 41,139,641,946","$ 1,010,703,656","17.81%","Amortizacion"
"2024 Jun 30 12:00:00 AM","RISARALDA","2,888","713","416","4,017","$ 60,689,220,639","$ 64,107,228,710","$ 1,503,102,633","16.89%","Amortizacion"
"2024 Jun 30 12:00:00 AM","SAN ANDRES","110","52","54","216","$ 3,851,131,545","$ 4,216,756,010","$ 233,948,872","37.72%","Amortizacion"
"2024 Jun 30 12:00:00 AM","SANTANDER","7,890","2,068","1,128","11,086","$ 212,668,970,967","$ 225,060,428,874","$ 5,062,271,505","16.11%","Amortizacion"
"2024 Jun 30 12:00:00 AM","SUCRE","5,306","2,274","2,134","9,714","$ 159,446,677,460","$ 169,724,097,414","$ 6,935,464,368","26.91%","Amortizacion"
"2024 Jun 30 12:00:00 AM","TOLIMA","3,366","853","530","4,749","$ 73,706,953,206","$ 77,428,709,979","$ 1,771,372,400","16.29%","Amortizacion"
"2024 Jun 30 12:00:00 AM","VALLE DEL CAUCA","12,401","2,860","1,701","16,962","$ 416,759,937,812","$ 437,465,921,364","$ 8,619,725,220","14.97%","Amortizacion"
"2024 Jun 30 12:00:00 AM","VAUPES","3","1","4","8","$ 136,023,986","$ 144,143,848","$ 16,984,220","75.95%","Amortizacion"
"2024 Jun 30 12:00:00 AM","VICHADA","20","15","6","41","$ 727,614,190","$ 785,191,183","$ 43,761,181","41.63%","Amortizacion"
"2024 Sep 30 12:00:00 AM","AMAZONAS","98","34","33","165","$ 3,256,066,146","$ 3,579,732,779","$ 140,412,465","32%","Amortizacion"
"2024 Sep 30 12:00:00 AM","ANTIOQUIA","9,927","2,695","1,969","14,591","$ 283,315,263,998","$ 300,746,808,062","$ 7,887,774,075","17.4%","Amortizacion"
"2024 Sep 30 12:00:00 AM","ARAUCA","891","287","228","1,406","$ 19,972,158,446","$ 21,274,824,535","$ 817,686,768","28.65%","Amortizacion"
"2024 Sep 30 12:00:00 AM","ATLANTICO","11,874","4,095","3,738","19,707","$ 490,098,005,015","$ 521,240,792,712","$ 19,040,094,148","27.68%","Amortizacion"
"2024 Sep 30 12:00:00 AM","BOLIVAR","5,477","2,115","2,146","9,738","$ 177,494,974,305","$ 190,163,205,937","$ 8,071,093,931","31.01%","Amortizacion"
"2024 Sep 30 12:00:00 AM","BOYACA","3,682","1,107","685","5,474","$ 112,760,559,025","$ 120,656,245,715","$ 3,235,026,650","20.44%","Amortizacion"
"2024 Sep 30 12:00:00 AM","CALDAS","2,643","661","390","3,694","$ 66,211,865,110","$ 70,200,560,314","$ 1,692,781,027","16.93%","Amortizacion"
"2024 Sep 30 12:00:00 AM","CAQUETA","695","205","150","1,050","$ 11,567,966,759","$ 12,201,054,845","$ 409,361,416","17.9%","Amortizacion"
"2024 Sep 30 12:00:00 AM","CASANARE","1,510","530","385","2,425","$ 38,830,469,357","$ 41,799,085,424","$ 1,400,472,299","25.46%","Amortizacion"
"2024 Sep 30 12:00:00 AM","CAUCA","2,637","817","528","3,982","$ 50,785,059,815","$ 54,210,855,718","$ 1,835,091,402","21.89%","Amortizacion"
"2024 Sep 30 12:00:00 AM","CESAR","1,467","488","518","2,473","$ 51,841,320,271","$ 55,294,113,961","$ 2,098,219,889","27.07%","Amortizacion"
"2024 Sep 30 12:00:00 AM","CHOCO","101","42","52","195","$ 3,582,506,101","$ 3,808,879,678","$ 233,489,702","37.96%","Amortizacion"
"2024 Sep 30 12:00:00 AM","CORDOBA","6,100","2,327","2,585","11,012","$ 209,656,197,774","$ 224,066,338,689","$ 9,197,727,440","29.87%","Amortizacion"
"2024 Sep 30 12:00:00 AM","CUNDINAMARCA","8,194","1,998","1,461","11,653","$ 269,327,855,896","$ 286,694,918,661","$ 7,153,088,005","17.7%","Amortizacion"
"2024 Sep 30 12:00:00 AM","DISTRITO CAPITAL","35,315","7,623","4,916","47,854","$ 1,287,751,116,746","$ 1,358,749,812,149","$ 30,753,882,931","15.73%","Amortizacion"
"2024 Sep 30 12:00:00 AM","EXTRANJERO","40","5","2","47","$ 2,942,298,306","$ 3,124,823,322","$ 25,314,193","6.79%","Amortizacion"
"2024 Sep 30 12:00:00 AM","GUAINIA","14","21","7","42","$ 551,767,407","$ 602,423,242","$ 21,909,946","20.26%","Amortizacion"
"2024 Sep 30 12:00:00 AM","GUAVIARE","187","92","54","333","$ 4,237,419,687","$ 4,426,401,402","$ 147,166,555","22.66%","Amortizacion"
"2024 Sep 30 12:00:00 AM","HUILA","2,291","630","433","3,354","$ 54,510,194,427","$ 58,484,846,964","$ 1,643,163,351","19.17%","Amortizacion"
"2024 Sep 30 12:00:00 AM","LA GUAJIRA","1,070","410","462","1,942","$ 51,371,553,532","$ 55,340,842,457","$ 2,422,768,295","32.02%","Amortizacion"
"2024 Sep 30 12:00:00 AM","MAGDALENA","1,900","731","844","3,475","$ 71,013,744,335","$ 76,001,578,843","$ 3,428,420,897","33.04%","Amortizacion"
"2024 Sep 30 12:00:00 AM","META","2,254","824","574","3,652","$ 66,593,612,766","$ 70,234,985,902","$ 2,388,276,583","23.04%","Amortizacion"
"2024 Sep 30 12:00:00 AM","NARINO","4,136","1,115","715","5,966","$ 88,370,920,897","$ 92,993,399,235","$ 2,536,280,537","18.21%","Amortizacion"
"2024 Sep 30 12:00:00 AM","NORTE DE SANTANDER","3,025","906","742","4,673","$ 80,554,061,859","$ 85,619,654,161","$ 2,671,969,499","21.96%","Amortizacion"
"2024 Sep 30 12:00:00 AM","PUTUMAYO","1,056","405","260","1,721","$ 20,993,169,355","$ 22,609,767,346","$ 847,933,152","25.75%","Amortizacion"
"2024 Sep 30 12:00:00 AM","QUINDIO","1,712","433","313","2,458","$ 40,096,582,988","$ 42,277,616,009","$ 1,263,885,793","19.67%","Amortizacion"
"2024 Sep 30 12:00:00 AM","RISARALDA","2,759","729","474","3,962","$ 61,215,411,135","$ 64,871,075,197","$ 1,907,666,562","19.83%","Amortizacion"
"2024 Sep 30 12:00:00 AM","SAN ANDRES","117","45","62","224","$ 3,993,506,932","$ 4,388,726,913","$ 291,848,459","39.23%","Amortizacion"
"2024 Sep 30 12:00:00 AM","SANTANDER","7,653","2,135","1,316","11,104","$ 217,626,192,253","$ 231,233,753,701","$ 6,402,689,252","19.28%","Amortizacion"
"2024 Sep 30 12:00:00 AM","SUCRE","5,089","2,112","2,706","9,907","$ 165,625,736,681","$ 177,863,862,496","$ 9,240,896,710","36.35%","Amortizacion"
"2024 Sep 30 12:00:00 AM","TOLIMA","3,271","848","604","4,723","$ 75,893,460,368","$ 80,044,756,789","$ 2,193,476,318","19.51%","Amortizacion"
"2024 Sep 30 12:00:00 AM","VALLE DEL CAUCA","12,251","2,826","1,915","16,992","$ 428,760,245,316","$ 451,320,566,617","$ 10,664,729,084","16.87%","Amortizacion"
"2024 Sep 30 12:00:00 AM","VAUPES","3","2","4","9","$ 187,355,813","$ 197,305,405","$ 16,400,523","38.88%","Amortizacion"
"2024 Sep 30 12:00:00 AM","VICHADA","19","9","12","40","$ 752,255,990","$ 821,627,366","$ 63,179,431","49.26%","Amortizacion"
"2024 Sep 30 12:00:00 AM","AMAZONAS","87","7","2","96","$ 3,071,512,710","$ 3,668,488,952","$ 10,917,841","17.12%","Estudios"
"2024 Sep 30 12:00:00 AM","ANTIOQUIA","10,689","1,838","500","13,027","$ 368,524,772,907","$ 441,255,875,442","$ 2,184,627,087","8.65%","Estudios"
"2024 Sep 30 12:00:00 AM","ARAUCA","759","111","54","924","$ 22,812,608,953","$ 26,997,589,435","$ 154,922,087","9.63%","Estudios"
"2024 Sep 30 12:00:00 AM","ATLANTICO","19,532","4,704","1,343","25,579","$ 755,803,141,394","$ 892,003,880,463","$ 5,615,233,761","11.88%","Estudios"
"2024 Sep 30 12:00:00 AM","BOLIVAR","14,538","1,547","503","16,588","$ 426,303,953,548","$ 503,626,484,727","$ 1,588,027,958","5.81%","Estudios"
"2024 Sep 30 12:00:00 AM","BOYACA","3,596","673","240","4,509","$ 125,862,449,446","$ 152,363,479,213","$ 901,620,983","11.46%","Estudios"
"2024 Sep 30 12:00:00 AM","CALDAS","2,099","356","108","2,563","$ 60,729,870,260","$ 72,420,079,782","$ 424,287,866","10.29%","Estudios"
"2024 Sep 30 12:00:00 AM","CAQUETA","656","68","24","748","$ 19,717,208,454","$ 23,258,803,449","$ 76,074,872","8.54%","Estudios"
"2024 Sep 30 12:00:00 AM","CASANARE","1,388","220","92","1,700","$ 43,225,741,804","$ 52,266,486,849","$ 237,150,019","10.43%","Estudios"
"2024 Sep 30 12:00:00 AM","CAUCA","2,299","284","88","2,671","$ 63,540,900,280","$ 74,522,860,225","$ 276,176,112","6.99%","Estudios"
"2024 Sep 30 12:00:00 AM","CESAR","6,500","900","243","7,643","$ 220,395,491,015","$ 255,442,271,119","$ 893,425,464","7.6%","Estudios"
"2024 Sep 30 12:00:00 AM","CHOCO","443","92","17","552","$ 15,124,311,136","$ 17,375,209,930","$ 66,770,476","11.37%","Estudios"
"2024 Sep 30 12:00:00 AM","CORDOBA","22,629","1,761","619","25,009","$ 622,804,365,293","$ 724,215,356,381","$ 2,124,477,691","5.3%","Estudios"
"2024 Sep 30 12:00:00 AM","CUNDINAMARCA","9,354","1,288","376","11,018","$ 312,416,092,709","$ 378,975,818,127","$ 1,855,901,641","8.4%","Estudios"
"2024 Sep 30 12:00:00 AM","DISTRITO CAPITAL","33,108","5,319","1,557","39,984","$ 1,328,755,107,574","$ 1,611,905,752,437","$ 8,638,298,114","8.88%","Estudios"
"2024 Sep 30 12:00:00 AM","EXTRANJERO","28","0","0","28","$ 4,175,040,896","$ 5,079,925,896","$ 0","0%","Estudios"
"2024 Sep 30 12:00:00 AM","GUAINIA","25","5","0","30","$ 737,460,083","$ 865,227,719","$ 1,025,434","0%","Estudios"
"2024 Sep 30 12:00:00 AM","GUAVIARE","247","38","17","302","$ 7,770,216,504","$ 9,141,427,637","$ 24,338,016","10.81%","Estudios"
"2024 Sep 30 12:00:00 AM","HUILA","2,361","378","106","2,845","$ 77,471,468,041","$ 91,096,970,343","$ 400,423,609","9.09%","Estudios"
"2024 Sep 30 12:00:00 AM","LA GUAJIRA","4,378","829","213","5,420","$ 182,192,171,709","$ 210,883,069,386","$ 844,690,172","10.53%","Estudios"
"2024 Sep 30 12:00:00 AM","MAGDALENA","5,460","856","264","6,580","$ 175,917,252,979","$ 206,084,814,066","$ 1,015,242,598","9.76%","Estudios"
"2024 Sep 30 12:00:00 AM","META","2,583","435","141","3,159","$ 84,949,584,173","$ 101,649,209,070","$ 535,368,034","9.41%","Estudios"
"2024 Sep 30 12:00:00 AM","NARINO","6,582","761","197","7,540","$ 175,704,008,072","$ 204,975,877,860","$ 593,115,292","5.94%","Estudios"
"2024 Sep 30 12:00:00 AM","NORTE DE SANTANDER","2,811","449","128","3,388","$ 99,559,687,497","$ 117,937,741,642","$ 468,105,921","8.18%","Estudios"
"2024 Sep 30 12:00:00 AM","PUTUMAYO","1,219","110","27","1,356","$ 30,221,848,856","$ 35,541,417,027","$ 108,292,672","4.7%","Estudios"
"2024 Sep 30 12:00:00 AM","QUINDIO","1,272","200","63","1,535","$ 36,871,219,089","$ 44,279,027,149","$ 191,581,523","8.25%","Estudios"
"2024 Sep 30 12:00:00 AM","RISARALDA","1,854","330","81","2,265","$ 55,409,838,509","$ 65,666,969,879","$ 351,300,255","8.81%","Estudios"
"2024 Sep 30 12:00:00 AM","SAN ANDRES","113","40","15","168","$ 4,803,805,877","$ 5,672,421,545","$ 49,770,055","20.12%","Estudios"
"2024 Sep 30 12:00:00 AM","SANTANDER","6,340","1,063","324","7,727","$ 217,363,523,377","$ 260,405,034,230","$ 1,234,558,434","9.25%","Estudios"
"2024 Sep 30 12:00:00 AM","Sin Informacion","1","0","0","1","$ 30,458,100","$ 31,893,203","$ 0","0%","Estudios"
"2024 Sep 30 12:00:00 AM","SUCRE","16,445","1,252","481","18,178","$ 457,326,010,007","$ 537,178,086,180","$ 1,415,947,963","4%","Estudios"
"2024 Sep 30 12:00:00 AM","TOLIMA","2,616","408","119","3,143","$ 84,873,563,015","$ 101,745,856,584","$ 385,499,607","7.44%","Estudios"
"2024 Sep 30 12:00:00 AM","VALLE DEL CAUCA","13,005","2,338","637","15,980","$ 488,318,557,643","$ 589,419,554,020","$ 2,957,526,150","9.32%","Estudios"
"2024 Sep 30 12:00:00 AM","VAUPES","23","3","0","26","$ 530,691,415","$ 600,168,200","$ 1,011,841","0%","Estudios"
"2024 Sep 30 12:00:00 AM","VICHADA","30","11","3","44","$ 951,814,314","$ 1,126,773,469","$ 8,806,500","19.69%","Estudios"
"2024 Dec 31 12:00:00 AM","GUAINIA","21","15","5","41","$ 551,805,500","$ 598,521,484","$ 20,683,379","43.86%","Amortizacion"
"2024 Dec 31 12:00:00 AM","VAUPES","6","2","5","13","$ 329,815,989","$ 348,001,735","$ 22,874,562","43.76%","Amortizacion"
"2024 Dec 31 12:00:00 AM","CHOCO","117","53","38","208","$ 4,605,468,011","$ 4,864,423,578","$ 222,825,197","41.07%","Amortizacion"
"2024 Dec 31 12:00:00 AM","VICHADA","20","8","11","39","$ 649,511,933","$ 705,562,349","$ 48,448,774","40.56%","Amortizacion"
"2024 Dec 31 12:00:00 AM","SUCRE","5,901","2,606","2,289","10,796","$ 205,010,512,782","$ 218,311,430,809","$ 8,065,889,810","35.24%","Amortizacion"
"2024 Dec 31 12:00:00 AM","BOLIVAR","5,875","2,339","1,912","10,126","$ 206,419,313,660","$ 219,826,216,691","$ 7,340,986,649","32.49%","Amortizacion"
"2024 Dec 31 12:00:00 AM","LA GUAJIRA","1,182","463","424","2,069","$ 58,930,346,651","$ 62,916,585,527","$ 2,215,030,310","32.24%","Amortizacion"
"2024 Dec 31 12:00:00 AM","CORDOBA","6,772","2,746","2,225","11,743","$ 255,196,854,764","$ 270,735,125,869","$ 8,348,599,735","31.77%","Amortizacion"
"2024 Dec 31 12:00:00 AM","MAGDALENA","2,148","840","692","3,680","$ 81,257,989,067","$ 86,396,611,844","$ 2,844,664,464","30.83%","Amortizacion"
"2024 Dec 31 12:00:00 AM","ARAUCA","878","313","197","1,388","$ 21,030,167,944","$ 22,264,227,423","$ 726,504,030","26.14%","Amortizacion"
"2024 Dec 31 12:00:00 AM","ATLANTICO","12,702","4,390","3,161","20,253","$ 533,215,683,314","$ 564,130,537,978","$ 15,517,052,342","26.07%","Amortizacion"
"2024 Dec 31 12:00:00 AM","CESAR","1,623","614","444","2,681","$ 62,171,975,147","$ 65,833,570,316","$ 1,922,490,487","25%","Amortizacion"
"2024 Dec 31 12:00:00 AM","CASANARE","1,614","529","332","2,475","$ 42,226,171,442","$ 45,044,658,065","$ 1,190,492,451","24.91%","Amortizacion"
"2024 Dec 31 12:00:00 AM","AMAZONAS","108","31","20","159","$ 3,197,809,263","$ 3,503,242,649","$ 96,591,706","23.8%","Amortizacion"
"2024 Dec 31 12:00:00 AM","SAN ANDRES","121","52","39","212","$ 3,941,966,582","$ 4,234,326,373","$ 166,221,901","23.28%","Amortizacion"
"2024 Dec 31 12:00:00 AM","PUTUMAYO","1,100","343","237","1,680","$ 22,446,315,499","$ 23,980,966,453","$ 644,444,447","22.92%","Amortizacion"
"2024 Dec 31 12:00:00 AM","META","2,508","750","495","3,753","$ 73,288,777,011","$ 76,859,490,385","$ 1,994,532,820","21.79%","Amortizacion"
"2024 Dec 31 12:00:00 AM","GUAVIARE","222","66","45","333","$ 5,035,261,931","$ 5,243,301,548","$ 134,339,104","20.91%","Amortizacion"
"2024 Dec 31 12:00:00 AM","NORTE DE SANTANDER","3,103","941","612","4,656","$ 84,380,602,802","$ 89,138,366,144","$ 2,226,956,760","20.51%","Amortizacion"
"2024 Dec 31 12:00:00 AM","CAUCA","2,613","783","467","3,863","$ 51,911,702,265","$ 55,085,567,168","$ 1,381,184,706","20.25%","Amortizacion"
"2024 Dec 31 12:00:00 AM","BOYACA","3,797","1,122","618","5,537","$ 119,503,933,285","$ 127,127,472,079","$ 2,759,788,933","19.63%","Amortizacion"
"2024 Dec 31 12:00:00 AM","TOLIMA","3,333","818","540","4,691","$ 79,551,817,357","$ 83,635,249,102","$ 1,878,695,221","18.7%","Amortizacion"
"2024 Dec 31 12:00:00 AM","NARINO","4,403","1,062","644","6,109","$ 97,396,630,290","$ 102,032,470,285","$ 2,246,938,921","18.47%","Amortizacion"
"2024 Dec 31 12:00:00 AM","RISARALDA","2,816","680","379","3,875","$ 62,882,265,405","$ 66,296,188,087","$ 1,539,751,716","18.02%","Amortizacion"
"2024 Dec 31 12:00:00 AM","HUILA","2,381","596","361","3,338","$ 57,778,610,977","$ 61,581,262,430","$ 1,407,997,619","17.63%","Amortizacion"
"2024 Dec 31 12:00:00 AM","ANTIOQUIA","10,227","2,596","1,679","14,502","$ 297,481,518,335","$ 314,657,076,434","$ 6,729,297,242","17.42%","Amortizacion"
"2024 Dec 31 12:00:00 AM","QUINDIO","1,725","450","230","2,405","$ 40,311,062,657","$ 42,305,121,478","$ 868,039,336","17.33%","Amortizacion"
"2024 Dec 31 12:00:00 AM","SANTANDER","7,930","2,073","1,083","11,086","$ 227,597,095,136","$ 240,542,068,314","$ 4,777,448,820","17.23%","Amortizacion"
"2024 Dec 31 12:00:00 AM","CAQUETA","709","191","113","1,013","$ 12,550,085,396","$ 13,166,457,147","$ 290,249,812","16.9%","Amortizacion"
"2024 Dec 31 12:00:00 AM","CUNDINAMARCA","8,644","1,973","1,261","11,878","$ 283,244,756,425","$ 300,444,158,142","$ 6,445,213,598","16.56%","Amortizacion"
"2024 Dec 31 12:00:00 AM","CALDAS","2,701","579","333","3,613","$ 66,811,445,564","$ 70,685,528,810","$ 1,416,210,638","16.37%","Amortizacion"
"2024 Dec 31 12:00:00 AM","VALLE DEL CAUCA","12,555","2,972","1,699","17,226","$ 456,916,974,538","$ 479,187,180,444","$ 8,913,194,333","15.8%","Amortizacion"
"2024 Dec 31 12:00:00 AM","DISTRITO CAPITAL","36,776","7,405","4,229","48,410","$ 1,338,998,358,419","$ 1,408,322,613,149","$ 24,966,540,742","14.19%","Amortizacion"
"2024 Dec 31 12:00:00 AM","EXTRANJERO","41","4","2","47","$ 2,890,049,097","$ 3,089,869,496","$ 32,803,610","5.77%","Amortizacion"
"2024 Dec 31 12:00:00 AM","AMAZONAS","78","9","2","89","$ 2,986,252,580","$ 3,605,914,480","$ 11,767,898","15.3%","Estudios"
"2024 Dec 31 12:00:00 AM","VICHADA","33","3","5","41","$ 958,150,901","$ 1,150,079,898","$ 7,298,429","12.87%","Estudios"
"2024 Dec 31 12:00:00 AM","SAN ANDRES","112","28","15","155","$ 4,560,369,647","$ 5,427,823,459","$ 47,978,373","11.91%","Estudios"
"2024 Dec 31 12:00:00 AM","ARAUCA","709","88","51","848","$ 21,053,323,766","$ 24,962,351,546","$ 149,459,247","11.68%","Estudios"
"2024 Dec 31 12:00:00 AM","BOYACA","3,433","435","306","4,174","$ 116,168,315,453","$ 141,776,455,490","$ 869,981,894","11.61%","Estudios"
"2024 Dec 31 12:00:00 AM","GUAVIARE","236","21","22","279","$ 7,059,387,151","$ 8,354,564,861","$ 24,568,727","10.81%","Estudios"
"2024 Dec 31 12:00:00 AM","ATLANTICO","19,070","2,583","2,014","23,667","$ 705,278,911,296","$ 839,224,589,225","$ 5,172,772,015","10.69%","Estudios"
"2024 Dec 31 12:00:00 AM","CASANARE","1,278","142","97","1,517","$ 39,126,410,329","$ 47,528,162,821","$ 204,485,263","10.36%","Estudios"
"2024 Dec 31 12:00:00 AM","CHOCO","437","49","39","525","$ 14,384,082,330","$ 16,698,619,738","$ 87,004,754","9.88%","Estudios"
"2024 Dec 31 12:00:00 AM","VALLE DEL CAUCA","12,359","1,619","783","14,761","$ 452,546,983,162","$ 548,695,612,668","$ 2,794,653,172","9.56%","Estudios"
"2024 Dec 31 12:00:00 AM","CALDAS","2,073","210","135","2,418","$ 58,605,727,505","$ 70,588,382,230","$ 345,937,963","8.4%","Estudios"
"2024 Dec 31 12:00:00 AM","LA GUAJIRA","4,382","518","354","5,254","$ 176,446,908,786","$ 206,551,095,771","$ 1,003,471,709","8.21%","Estudios"
"2024 Dec 31 12:00:00 AM","SANTANDER","6,066","670","360","7,096","$ 201,145,683,764","$ 242,284,706,248","$ 1,092,893,695","7.99%","Estudios"
"2024 Dec 31 12:00:00 AM","RISARALDA","1,812","186","97","2,095","$ 51,485,518,169","$ 61,532,824,617","$ 283,622,179","7.74%","Estudios"
"2024 Dec 31 12:00:00 AM","MAGDALENA","5,295","509","368","6,172","$ 166,335,505,646","$ 196,551,134,980","$ 960,243,100","7.74%","Estudios"
"2024 Dec 31 12:00:00 AM","DISTRITO CAPITAL","31,758","3,425","1,766","36,949","$ 1,262,494,401,101","$ 1,535,822,503,972","$ 7,203,542,331","7.55%","Estudios"
"2024 Dec 31 12:00:00 AM","CUNDINAMARCA","8,891","838","437","10,166","$ 294,566,177,292","$ 359,119,580,980","$ 1,635,580,401","7.42%","Estudios"
"2024 Dec 31 12:00:00 AM","CAUCA","2,233","206","110","2,549","$ 60,905,698,402","$ 72,008,329,692","$ 269,631,516","7.27%","Estudios"
"2024 Dec 31 12:00:00 AM","META","2,451","251","146","2,848","$ 77,952,295,255","$ 93,791,169,610","$ 373,961,710","7.24%","Estudios"
"2024 Dec 31 12:00:00 AM","ANTIOQUIA","10,375","1,256","595","12,226","$ 356,848,161,313","$ 429,661,924,693","$ 1,976,216,100","7.08%","Estudios"
"2024 Dec 31 12:00:00 AM","TOLIMA","2,517","240","122","2,879","$ 78,882,584,105","$ 95,183,995,870","$ 309,836,299","6.96%","Estudios"
"2024 Dec 31 12:00:00 AM","PUTUMAYO","1,164","87","36","1,287","$ 28,557,219,996","$ 33,779,525,932","$ 118,226,238","6.64%","Estudios"
"2024 Dec 31 12:00:00 AM","NORTE DE SANTANDER","2,673","320","148","3,141","$ 93,185,129,450","$ 111,498,729,661","$ 400,547,646","6.6%","Estudios"
"2024 Dec 31 12:00:00 AM","HUILA","2,299","215","134","2,648","$ 72,970,091,711","$ 86,795,592,384","$ 323,566,685","6.36%","Estudios"
"2024 Dec 31 12:00:00 AM","CAQUETA","634","43","26","703","$ 18,488,130,518","$ 22,039,524,160","$ 63,070,769","6.34%","Estudios"
"2024 Dec 31 12:00:00 AM","QUINDIO","1,222","124","71","1,417","$ 34,721,287,578","$ 42,060,337,721","$ 160,914,307","6.18%","Estudios"
"2024 Dec 31 12:00:00 AM","NARINO","6,361","482","275","7,118","$ 167,131,512,040","$ 196,637,479,503","$ 584,687,443","5.61%","Estudios"
"2024 Dec 31 12:00:00 AM","BOLIVAR","13,929","1,006","681","15,616","$ 399,437,056,063","$ 476,687,324,305","$ 1,535,517,166","5.4%","Estudios"
"2024 Dec 31 12:00:00 AM","CESAR","6,589","454","300","7,343","$ 213,215,272,158","$ 249,937,273,917","$ 722,945,325","5.25%","Estudios"
"2024 Dec 31 12:00:00 AM","CORDOBA","21,927","1,156","784","23,867","$ 587,253,887,824","$ 688,800,772,837","$ 2,095,977,460","4.87%","Estudios"
"2024 Dec 31 12:00:00 AM","SUCRE","15,108","911","678","16,697","$ 420,421,758,489","$ 498,290,442,317","$ 1,677,200,709","4.45%","Estudios"
"2024 Dec 31 12:00:00 AM","GUAINIA","26","2","0","28","$ 718,363,915","$ 859,782,549","$ 4,265,818","3.92%","Estudios"
"2024 Dec 31 12:00:00 AM","VAUPES","19","3","0","22","$ 431,058,612","$ 485,545,481","$ 438,755","3.29%","Estudios"
"2024 Dec 31 12:00:00 AM","EXTRANJERO","26","0","0","26","$ 4,089,433,503","$ 5,049,645,989","$ 0","0%","Estudios"
"2024 Dec 31 12:00:00 AM","Sin Informacion","2","0","0","2","$ 139,823,600","$ 143,937,337","$ 0","0%","Estudios"
"2025 Mar 31 12:00:00 AM","VICHADA","22","12","7","41","$ 689,669,012","$ 738,061,206","$ 32,529,242","47.93%","Amortizacion"
"2025 Mar 31 12:00:00 AM","CHOCO","115","44","52","211","$ 4,814,188,524","$ 5,157,733,285","$ 274,127,386","37.94%","Amortizacion"
"2025 Mar 31 12:00:00 AM","SUCRE","5,724","2,325","2,855","10,904","$ 208,960,613,308","$ 226,254,694,277","$ 10,787,930,532","36.51%","Amortizacion"
"2025 Mar 31 12:00:00 AM","CORDOBA","6,538","2,679","2,800","12,017","$ 260,116,800,516","$ 280,255,523,733","$ 11,218,858,696","33.24%","Amortizacion"
"2025 Mar 31 12:00:00 AM","MAGDALENA","2,054","820","860","3,734","$ 84,556,277,124","$ 91,028,455,809","$ 3,920,615,606","33.06%","Amortizacion"
"2025 Mar 31 12:00:00 AM","BOLIVAR","5,683","2,175","2,272","10,130","$ 209,881,308,614","$ 226,528,279,073","$ 9,376,920,177","32.81%","Amortizacion"
"2025 Mar 31 12:00:00 AM","SANANDRES","109","54","41","204","$ 3,932,522,678","$ 4,269,531,287","$ 190,011,841","32.41%","Amortizacion"
"2025 Mar 31 12:00:00 AM","LAGUAJIRA","1,146","508","480","2,134","$ 61,584,219,807","$ 66,609,629,864","$ 2,842,539,651","31.93%","Amortizacion"
"2025 Mar 31 12:00:00 AM","VAUPES","6","3","5","14","$ 338,765,218","$ 360,597,265","$ 28,831,252","30.77%","Amortizacion"
"2025 Mar 31 12:00:00 AM","ARAUCA","816","331","236","1,383","$ 21,534,297,078","$ 23,057,723,691","$ 932,380,823","30.36%","Amortizacion"
"2025 Mar 31 12:00:00 AM","ATLANTICO","12,057","4,416","3,951","20,424","$ 547,331,913,513","$ 585,999,041,917","$ 20,854,829,477","28.9%","Amortizacion"
"2025 Mar 31 12:00:00 AM","CESAR","1,585","606","574","2,765","$ 64,928,466,971","$ 69,542,568,422","$ 2,716,878,116","28.67%","Amortizacion"
"2025 Mar 31 12:00:00 AM","CASANARE","1,519","568","373","2,460","$ 43,512,632,285","$ 46,892,929,031","$ 1,519,988,705","26.96%","Amortizacion"
"2025 Mar 31 12:00:00 AM","PUTUMAYO","1,016","387","241","1,644","$ 22,476,467,647","$ 24,316,304,819","$ 811,675,803","24.95%","Amortizacion"
"2025 Mar 31 12:00:00 AM","AMAZONAS","92","40","26","158","$ 3,118,287,278","$ 3,358,442,655","$ 116,285,720","24.26%","Amortizacion"
"2025 Mar 31 12:00:00 AM","META","2,423","741","568","3,732","$ 74,084,528,906","$ 78,527,190,184","$ 2,590,578,142","24.23%","Amortizacion"
"2025 Mar 31 12:00:00 AM","NORTEDESANTANDER","2,825","988","711","4,524","$ 84,849,064,061","$ 90,784,510,060","$ 2,944,742,225","23.63%","Amortizacion"
"2025 Mar 31 12:00:00 AM","CAQUETA","670","225","118","1,013","$ 13,139,887,899","$ 13,894,573,590","$ 407,696,048","22.55%","Amortizacion"
"2025 Mar 31 12:00:00 AM","BOYACA","3,671","1,152","703","5,526","$ 122,940,043,787","$ 131,848,971,501","$ 3,568,363,607","21.76%","Amortizacion"
"2025 Mar 31 12:00:00 AM","CAUCA","2,512","807","486","3,805","$ 52,263,126,195","$ 55,977,566,413","$ 1,738,392,895","21.62%","Amortizacion"
"2025 Mar 31 12:00:00 AM","TOLIMA","3,139","957","567","4,663","$ 80,248,512,104","$ 85,162,485,328","$ 2,410,525,291","20.24%","Amortizacion"
"2025 Mar 31 12:00:00 AM","GUAVIARE","218","73","40","331","$ 4,938,253,642","$ 5,205,457,442","$ 158,113,261","19.74%","Amortizacion"
"2025 Mar 31 12:00:00 AM","HUILA","2,272","647","403","3,322","$ 58,937,963,339","$ 63,270,961,134","$ 1,790,908,729","19.72%","Amortizacion"
"2025 Mar 31 12:00:00 AM","SANTANDER","7,392","2,244","1,211","10,847","$ 228,318,449,932","$ 243,447,685,066","$ 6,109,328,735","19.5%","Amortizacion"
"2025 Mar 31 12:00:00 AM","QUINDIO","1,635","458","265","2,358","$ 40,783,519,924","$ 43,092,671,343","$ 1,072,852,288","18.53%","Amortizacion"
"2025 Mar 31 12:00:00 AM","ANTIOQUIA","9,720","2,771","1,844","14,335","$ 302,606,951,409","$ 322,301,831,612","$ 8,544,506,340","18.24%","Amortizacion"
"2025 Mar 31 12:00:00 AM","NARINO","4,247","1,134","705","6,086","$ 98,956,780,796","$ 104,613,106,495","$ 2,773,629,273","18.11%","Amortizacion"
"2025 Mar 31 12:00:00 AM","RISARALDA","2,618","783","398","3,799","$ 63,346,270,217","$ 67,270,948,515","$ 1,865,014,379","17.94%","Amortizacion"
"2025 Mar 31 12:00:00 AM","VALLEDELCAUCA","12,135","3,078","1,877","17,090","$ 463,625,970,161","$ 489,738,393,539","$ 11,504,547,855","17.64%","Amortizacion"
"2025 Mar 31 12:00:00 AM","CUNDINAMARCA","8,224","2,113","1,427","11,764","$ 287,267,904,088","$ 306,894,389,292","$ 8,069,257,487","17.49%","Amortizacion"
"2025 Mar 31 12:00:00 AM","CALDAS","2,499","700","352","3,551","$ 67,539,621,217","$ 72,081,625,253","$ 1,696,170,987","16.87%","Amortizacion"
"2025 Mar 31 12:00:00 AM","DISTRITOCAPITAL","34,987","8,005","4,691","47,683","$ 1,356,210,420,356","$ 1,435,561,222,259","$ 31,533,009,578","15.86%","Amortizacion"
"2025 Mar 31 12:00:00 AM","EXTRANJERO","39","4","2","45","$ 2,919,012,129","$ 3,182,917,094","$ 47,751,377","9.92%","Amortizacion"
"2025 Mar 31 12:00:00 AM","GUAINIA","23","12","4","39","$ 527,105,130","$ 571,269,854","$ 16,555,015","8.57%","Amortizacion"
"2025 Mar 31 12:00:00 AM","SANANDRES","103","37","11","151","$ 4,730,481,341","$ 5,667,169,169","$ 49,002,389","18.19%","Estudios"
"2025 Mar 31 12:00:00 AM","AMAZONAS","70","13","4","87","$ 3,186,908,609","$ 3,843,739,717","$ 24,870,124","17.88%","Estudios"
"2025 Mar 31 12:00:00 AM","VICHADA","30","6","2","38","$ 990,263,464","$ 1,184,687,346","$ 6,972,939","17.64%","Estudios"
"2025 Mar 31 12:00:00 AM","ATLANTICO","17,442","4,254","1,289","22,985","$ 737,850,234,690","$ 878,735,796,249","$ 5,591,435,324","13.43%","Estudios"
"2025 Mar 31 12:00:00 AM","BOYACA","3,182","581","197","3,960","$ 114,063,822,355","$ 140,026,774,709","$ 825,092,757","12.07%","Estudios"
"2025 Mar 31 12:00:00 AM","CASANARE","1,189","194","70","1,453","$ 40,197,331,262","$ 48,763,688,795","$ 214,759,747","11.77%","Estudios"
"2025 Mar 31 12:00:00 AM","LAGUAJIRA","4,137","733","286","5,156","$ 202,579,333,665","$ 235,289,225,403","$ 1,122,105,863","10.76%","Estudios"
"2025 Mar 31 12:00:00 AM","MAGDALENA","4,964","800","281","6,045","$ 183,140,603,497","$ 215,471,961,060","$ 1,111,093,972","10.45%","Estudios"
"2025 Mar 31 12:00:00 AM","CHOCO","411","74","25","510","$ 16,277,285,234","$ 18,775,393,641","$ 92,754,013","10.31%","Estudios"
"2025 Mar 31 12:00:00 AM","CALDAS","1,953","253","93","2,299","$ 57,207,843,681","$ 69,578,547,999","$ 359,839,168","9.99%","Estudios"
"2025 Mar 31 12:00:00 AM","ARAUCA","660","107","46","813","$ 22,526,802,596","$ 26,658,365,459","$ 175,303,405","9.88%","Estudios"
"2025 Mar 31 12:00:00 AM","VALLEDELCAUCA","11,575","1,937","621","14,133","$ 452,894,179,352","$ 552,441,071,399","$ 2,794,894,699","9.83%","Estudios"
"2025 Mar 31 12:00:00 AM","RISARALDA","1,649","245","87","1,981","$ 50,720,120,282","$ 61,060,296,951","$ 350,187,412","9.27%","Estudios"
"2025 Mar 31 12:00:00 AM","CUNDINAMARCA","8,371","1,042","335","9,748","$ 293,024,403,315","$ 359,540,764,789","$ 1,773,466,858","9.1%","Estudios"
"2025 Mar 31 12:00:00 AM","DISTRITOCAPITAL","29,629","4,252","1,437","35,318","$ 1,229,180,768,813","$ 1,508,487,788,088","$ 7,739,599,275","9.1%","Estudios"
"2025 Mar 31 12:00:00 AM","ANTIOQUIA","9,731","1,462","495","11,688","$ 362,843,820,242","$ 438,443,179,775","$ 2,160,095,968","8.98%","Estudios"
"2025 Mar 31 12:00:00 AM","SANTANDER","5,663","846","266","6,775","$ 205,127,196,850","$ 247,994,388,063","$ 1,147,702,132","8.72%","Estudios"
"2025 Mar 31 12:00:00 AM","TOLIMA","2,294","342","90","2,726","$ 80,386,870,917","$ 97,340,625,727","$ 368,274,523","8.65%","Estudios"
"2025 Mar 31 12:00:00 AM","HUILA","2,157","294","89","2,540","$ 76,045,509,542","$ 90,651,505,658","$ 363,886,680","8.56%","Estudios"
"2025 Mar 31 12:00:00 AM","CAQUETA","581","61","23","665","$ 19,209,611,087","$ 22,948,388,129","$ 75,238,133","8.37%","Estudios"
"2025 Mar 31 12:00:00 AM","GUAVIARE","228","33","10","271","$ 7,827,245,514","$ 9,239,796,899","$ 21,720,446","8.06%","Estudios"
"2025 Mar 31 12:00:00 AM","CESAR","6,111","828","231","7,170","$ 244,403,569,627","$ 284,358,860,683","$ 942,632,365","8.02%","Estudios"
"2025 Mar 31 12:00:00 AM","NORTEDESANTANDER","2,566","377","133","3,076","$ 98,248,893,008","$ 117,616,181,979","$ 444,827,120","7.84%","Estudios"
"2025 Mar 31 12:00:00 AM","META","2,295","340","105","2,740","$ 79,433,756,110","$ 95,949,290,850","$ 379,962,258","7.76%","Estudios"
"2025 Mar 31 12:00:00 AM","QUINDIO","1,153","161","50","1,364","$ 34,780,541,760","$ 42,345,991,859","$ 172,935,939","7.34%","Estudios"
"2025 Mar 31 12:00:00 AM","BOLIVAR","13,392","1,396","514","15,302","$ 443,476,946,010","$ 527,640,628,715","$ 1,661,593,839","6.01%","Estudios"
"2025 Mar 31 12:00:00 AM","CAUCA","2,113","253","87","2,453","$ 64,641,578,359","$ 76,401,316,726","$ 261,660,100","5.85%","Estudios"
"2025 Mar 31 12:00:00 AM","NARINO","6,074","675","164","6,913","$ 182,663,708,789","$ 214,214,329,637","$ 549,309,577","5.69%","Estudios"
"2025 Mar 31 12:00:00 AM","PUTUMAYO","1,125","90","39","1,254","$ 32,590,960,070","$ 38,203,353,617","$ 115,797,324","5.68%","Estudios"
"2025 Mar 31 12:00:00 AM","CORDOBA","21,253","1,522","601","23,376","$ 670,978,010,786","$ 781,318,608,797","$ 2,303,658,531","4.91%","Estudios"
"2025 Mar 31 12:00:00 AM","GUAINIA","23","3","2","28","$ 790,263,713","$ 947,457,010","$ 12,291,953","4.86%","Estudios"
"2025 Mar 31 12:00:00 AM","SUCRE","14,634","1,201","558","16,393","$ 468,791,222,705","$ 552,488,940,479","$ 1,892,381,361","4.52%","Estudios"
"2025 Mar 31 12:00:00 AM","VAUPES","17","4","0","21","$ 518,904,494","$ 581,182,705","$ 1,850,976","0.6%","Estudios"
"2025 Mar 31 12:00:00 AM","EXTRANJERO","25","0","0","25","$ 3,948,295,430","$ 4,926,509,871","$ 0","0%","Estudios"
"2025 Mar 31 12:00:00 AM","SinInformacion","1","0","0","1","$ 47,629,200","$ 50,329,919","$ 0","0%","Estudios"
"2025 Jun 30 12:00:00 AM","SIN INFO","3","2","1","0","$ 29,967,860","$ 36,251,908","$ 2,243,117","19.56%","AMORTIZACION"
"2025 Jun 30 12:00:00 AM","SIN INFO","1","0","0","1","$ 15,752,000","$ 17,338,133","$ 0","0%","ESTUDIOS"
"2025 Jun 30 12:00:00 AM","AMAZONAS","154","32","22","100","$ 3,670,768,021","$ 3,943,673,222","$ 127,422,313","25.62%","AMORTIZACION"
"2025 Jun 30 12:00:00 AM","AMAZONAS","84","8","5","71","$ 2,795,828,474","$ 3,300,927,702","$ 13,520,439","8.32%","ESTUDIOS"
"2025 Jun 30 12:00:00 AM","ANTIOQUIA","14,010","2,667","1,527","9,816","$ 311,907,212,492","$ 331,483,197,325","$ 7,489,642,366","16.15%","AMORTIZACION"
"2025 Jun 30 12:00:00 AM","ANTIOQUIA","11,329","1,233","672","9,424","$ 384,048,911,804","$ 460,582,819,615","$ 2,241,040,457","7.62%","ESTUDIOS"
"2025 Jun 30 12:00:00 AM","ARAUCA","1,352","311","190","851","$ 22,583,946,688","$ 24,148,857,479","$ 793,822,625","24.85%","AMORTIZACION"
"2025 Jun 30 12:00:00 AM","ARAUCA","750","91","59","600","$ 21,798,636,644","$ 25,717,047,350","$ 160,364,980","11.35%","ESTUDIOS"
"2025 Jun 30 12:00:00 AM","ATLANTICO","20,663","4,797","3,329","12,537","$ 587,145,923,219","$ 628,695,064,145","$ 19,419,627,333","23.73%","AMORTIZACION"
"2025 Jun 30 12:00:00 AM","ATLANTICO","22,197","2,760","2,220","17,217","$ 763,856,996,648","$ 902,406,109,014","$ 5,696,416,234","11.16%","ESTUDIOS"
"2025 Jun 30 12:00:00 AM","BOLIVAR","10,399","2,476","1,946","5,977","$ 235,925,538,316","$ 254,369,755,448","$ 9,077,271,656","25.7%","AMORTIZACION"
"2025 Jun 30 12:00:00 AM","BOLIVAR","14,400","998","773","12,629","$ 436,532,000,150","$ 518,249,123,076","$ 1,777,853,890","5.83%","ESTUDIOS"
"2025 Jun 30 12:00:00 AM","BOYACA","5,463","1,122","618","3,723","$ 128,304,582,852","$ 137,613,646,384","$ 3,297,219,799","18.93%","AMORTIZACION"
"2025 Jun 30 12:00:00 AM","BOYACA","3,717","468","247","3,002","$ 115,889,293,320","$ 140,306,999,054","$ 790,341,586","9.77%","ESTUDIOS"
"2025 Jun 30 12:00:00 AM","CALDAS","3,471","701","321","2,449","$ 68,423,378,467","$ 73,059,492,780","$ 1,547,147,203","15.88%","AMORTIZACION"
"2025 Jun 30 12:00:00 AM","CALDAS","2,159","240","127","1,792","$ 62,104,002,050","$ 74,355,628,736","$ 370,722,736","7.82%","ESTUDIOS"
"2025 Jun 30 12:00:00 AM","CAQUETA","981","213","108","660","$ 13,969,500,911","$ 14,825,124,320","$ 360,854,699","19%","AMORTIZACION"
"2025 Jun 30 12:00:00 AM","CAQUETA","616","39","22","555","$ 19,212,614,493","$ 22,816,476,180","$ 47,529,786","5.27%","ESTUDIOS"
"2025 Jun 30 12:00:00 AM","CASANARE","2,425","529","324","1,572","$ 45,588,708,889","$ 49,140,605,636","$ 1,370,922,142","22.58%","AMORTIZACION"
"2025 Jun 30 12:00:00 AM","CASANARE","1,320","151","89","1,080","$ 38,161,885,649","$ 46,017,046,949","$ 222,216,778","11.03%","ESTUDIOS"
"2025 Jun 30 12:00:00 AM","CAUCA","3,698","813","446","2,439","$ 53,191,731,375","$ 56,951,486,215","$ 1,639,751,833","22.19%","AMORTIZACION"
"2025 Jun 30 12:00:00 AM","CAUCA","2,323","195","121","2,007","$ 65,807,518,673","$ 77,385,789,635","$ 259,831,921","6%","ESTUDIOS"
"2025 Jun 30 12:00:00 AM","CESAR","2,912","685","540","1,687","$ 74,062,131,946","$ 79,161,622,015","$ 2,867,776,003","22.39%","AMORTIZACION"
"2025 Jun 30 12:00:00 AM","CESAR","6,938","518","359","6,061","$ 245,511,565,619","$ 286,163,370,804","$ 987,442,741","6.64%","ESTUDIOS"
"2025 Jun 30 12:00:00 AM","CHOCO","208","53","47","108","$ 5,104,003,708","$ 5,464,584,893","$ 228,548,776","34.3%","AMORTIZACION"
"2025 Jun 30 12:00:00 AM","CHOCO","490","48","41","401","$ 15,341,830,187","$ 17,755,904,361","$ 90,368,223","9.04%","ESTUDIOS"
"2025 Jun 30 12:00:00 AM","CORDOBA","12,449","3,177","2,474","6,798","$ 301,787,565,373","$ 324,726,555,276","$ 11,167,283,053","25.74%","AMORTIZACION"
"2025 Jun 30 12:00:00 AM","CORDOBA","22,350","1,160","878","20,312","$ 647,461,431,398","$ 753,087,438,734","$ 2,467,549,858","4.83%","ESTUDIOS"
"2025 Jun 30 12:00:00 AM","CUNDINAMARCA","11,495","2,009","1,140","8,346","$ 291,570,682,696","$ 310,799,821,416","$ 6,607,662,695","16.02%","AMORTIZACION"
"2025 Jun 30 12:00:00 AM","CUNDINAMARCA","9,220","935","407","7,878","$ 304,569,196,477","$ 369,774,126,039","$ 1,616,508,140","7.37%","ESTUDIOS"
"2025 Jun 30 12:00:00 AM","DISTRITO CAPITAL","47,452","7,869","4,088","35,495","$ 1,400,444,248,415","$ 1,480,524,460,953","$ 27,711,367,526","14.01%","AMORTIZACION"
"2025 Jun 30 12:00:00 AM","DISTRITO CAPITAL","33,541","3,835","1,716","27,990","$ 1,311,370,667,586","$ 1,585,541,093,155","$ 7,615,129,223","7.62%","ESTUDIOS"
"2025 Jun 30 12:00:00 AM","EXTRANJERO","58","6","2","50","$ 4,041,502,766","$ 4,331,143,221","$ 25,981,963","7.59%","AMORTIZACION"
"2025 Jun 30 12:00:00 AM","EXTRANJERO","41","0","0","41","$ 4,364,433,228","$ 5,461,596,448","$ 0","0%","ESTUDIOS"
"2025 Jun 30 12:00:00 AM","GUAINIA","40","13","6","21","$ 674,978,343","$ 725,561,953","$ 15,998,142","16.8%","AMORTIZACION"
"2025 Jun 30 12:00:00 AM","GUAINIA","36","2","3","31","$ 1,298,260,347","$ 1,521,104,446","$ 15,776,495","2.91%","ESTUDIOS"
"2025 Jun 30 12:00:00 AM","GUAVIARE","319","80","40","199","$ 4,903,626,718","$ 5,174,543,934","$ 145,223,818","20.52%","AMORTIZACION"
"2025 Jun 30 12:00:00 AM","GUAVIARE","248","27","12","209","$ 7,537,790,677","$ 8,886,560,794","$ 24,037,156","7.51%","ESTUDIOS"
"2025 Jun 30 12:00:00 AM","HUILA","3,242","655","357","2,230","$ 61,350,883,155","$ 65,727,780,698","$ 1,708,003,785","18.73%","AMORTIZACION"
"2025 Jun 30 12:00:00 AM","HUILA","2,390","227","126","2,037","$ 77,943,538,862","$ 92,484,905,213","$ 374,234,994","6.75%","ESTUDIOS"
"2025 Jun 30 12:00:00 AM","LA GUAJIRA","2,202","527","426","1,249","$ 67,018,600,786","$ 72,097,952,899","$ 2,514,052,027","25.65%","AMORTIZACION"
"2025 Jun 30 12:00:00 AM","LA GUAJIRA","4,988","464","449","4,075","$ 201,634,067,645","$ 234,597,132,361","$ 1,251,563,287","9.18%","ESTUDIOS"
"2025 Jun 30 12:00:00 AM","MAGDALENA","3,847","917","749","2,181","$ 92,976,721,652","$ 100,062,591,184","$ 3,832,365,315","28%","AMORTIZACION"
"2025 Jun 30 12:00:00 AM","MAGDALENA","5,799","511","486","4,802","$ 182,775,460,910","$ 214,768,775,965","$ 1,255,171,255","9.36%","ESTUDIOS"
"2025 Jun 30 12:00:00 AM","META","3,681","767","493","2,421","$ 75,861,168,102","$ 80,574,419,303","$ 2,392,984,152","22.5%","AMORTIZACION"
"2025 Jun 30 12:00:00 AM","META","2,557","287","142","2,128","$ 80,309,414,672","$ 96,640,601,529","$ 380,290,711","8.21%","ESTUDIOS"
"2025 Jun 30 12:00:00 AM","NARINO","6,115","1,149","643","4,323","$ 105,849,872,118","$ 112,146,282,595","$ 2,614,706,538","15.61%","AMORTIZACION"
"2025 Jun 30 12:00:00 AM","NARINO","6,662","521","246","5,895","$ 182,900,054,454","$ 213,959,082,551","$ 559,237,460","4.89%","ESTUDIOS"
"2025 Jun 30 12:00:00 AM","NO REGISTRA","1","0","0","1","$ 20,605,642","$ 25,887,955","$ 0","0%","ESTUDIOS"
"2025 Jun 30 12:00:00 AM","NORTE DE SANTANDER","4,245","824","628","2,793","$ 80,896,664,182","$ 86,804,676,975","$ 2,682,786,484","22.47%","AMORTIZACION"
"2025 Jun 30 12:00:00 AM","NORTE DE SANTANDER","3,046","317","184","2,545","$ 104,755,333,966","$ 125,284,089,152","$ 458,520,805","6.29%","ESTUDIOS"
"2025 Jun 30 12:00:00 AM","PUTUMAYO","1,622","358","244","1,020","$ 23,294,000,654","$ 25,261,551,205","$ 805,128,484","20.4%","AMORTIZACION"
"2025 Jun 30 12:00:00 AM","PUTUMAYO","1,191","67","53","1,071","$ 32,061,511,785","$ 37,617,859,592","$ 121,315,584","5.51%","ESTUDIOS"
"2025 Jun 30 12:00:00 AM","QUINDIO","2,290","462","240","1,588","$ 41,040,368,912","$ 43,343,965,947","$ 1,006,082,144","17.62%","AMORTIZACION"
"2025 Jun 30 12:00:00 AM","QUINDIO","1,301","140","66","1,095","$ 36,123,831,975","$ 43,588,002,129","$ 173,787,044","6.66%","ESTUDIOS"
"2025 Jun 30 12:00:00 AM","RISARALDA","3,673","733","354","2,586","$ 63,957,242,309","$ 67,932,141,734","$ 1,557,366,848","16.99%","AMORTIZACION"
"2025 Jun 30 12:00:00 AM","RISARALDA","1,889","207","108","1,574","$ 53,663,287,698","$ 63,863,949,114","$ 330,236,011","7.06%","ESTUDIOS"
"2025 Jun 30 12:00:00 AM","SAN ANDRES","193","44","31","118","$ 3,905,334,124","$ 4,226,238,368","$ 143,381,528","23.29%","AMORTIZACION"
"2025 Jun 30 12:00:00 AM","SAN ANDRES","146","25","15","106","$ 5,204,068,404","$ 6,220,031,789","$ 50,196,913","14.02%","ESTUDIOS"
"2025 Jun 30 12:00:00 AM","SANTANDER","10,585","2,118","1,090","7,377","$ 232,851,503,632","$ 248,116,846,862","$ 5,467,882,264","17.44%","AMORTIZACION"
"2025 Jun 30 12:00:00 AM","SANTANDER","6,389","714","368","5,307","$ 204,941,414,080","$ 246,240,109,293","$ 1,205,349,759","8.2%","ESTUDIOS"
"2025 Jun 30 12:00:00 AM","SUCRE","11,452","3,124","2,484","5,844","$ 246,301,184,967","$ 266,347,063,717","$ 10,496,049,293","28.31%","AMORTIZACION"
"2025 Jun 30 12:00:00 AM","SUCRE","15,015","748","826","13,441","$ 437,873,093,072","$ 515,314,101,900","$ 2,023,824,005","5.08%","ESTUDIOS"
"2025 Jun 30 12:00:00 AM","TOLIMA","4,517","853","512","3,152","$ 81,955,319,598","$ 86,990,117,405","$ 2,196,107,728","17.69%","AMORTIZACION"
"2025 Jun 30 12:00:00 AM","TOLIMA","2,545","266","140","2,139","$ 79,465,859,854","$ 95,547,943,587","$ 353,471,250","6.91%","ESTUDIOS"
"2025 Jun 30 12:00:00 AM","VALLE DEL CAUCA","16,878","3,057","1,658","12,163","$ 478,753,752,911","$ 505,741,601,933","$ 10,424,247,165","15.82%","AMORTIZACION"
"2025 Jun 30 12:00:00 AM","VALLE DEL CAUCA","13,659","1,538","872","11,249","$ 480,487,248,653","$ 578,704,737,616","$ 3,065,322,585","9.33%","ESTUDIOS"
"2025 Jun 30 12:00:00 AM","VAUPES","16","4","4","8","$ 353,876,105","$ 378,951,276","$ 28,966,980","36.96%","AMORTIZACION"
"2025 Jun 30 12:00:00 AM","VAUPES","27","2","1","24","$ 1,027,716,715","$ 1,169,397,184","$ 2,299,315","1.87%","ESTUDIOS"
"2025 Jun 30 12:00:00 AM","VICHADA","39","10","10","19","$ 649,773,359","$ 704,797,891","$ 45,844,756","48.45%","AMORTIZACION"
"2025 Jun 30 12:00:00 AM","VICHADA","37","6","5","26","$ 1,066,659,332","$ 1,281,248,468","$ 11,159,526","15.84%","ESTUDIOS"
"2025 Sep 30 12:00:00 AM","AMAZONAS","98","39","17","154","$ 3,733,464,835","$ 4,027,053,454","$ 145,248,221","22.89%","AMORTIZACION"
"2025 Sep 30 12:00:00 AM","AMAZONAS","69","12","1","82","$ 2,812,796,402","$ 3,320,287,157","$ 10,963,820","8.98%","ESTUDIOS"
"2025 Sep 30 12:00:00 AM","ANTIOQUIA","9,819","2,681","1,520","14,020","$ 325,497,426,842","$ 346,931,975,157","$ 8,665,844,702","17.04%","AMORTIZACION"
"2025 Sep 30 12:00:00 AM","ANTIOQUIA","8,877","1,481","416","10,774","$ 401,849,917,788","$ 479,855,003,809","$ 2,088,837,040","8.98%","ESTUDIOS"
"2025 Sep 30 12:00:00 AM","ARAUCA","830","311","203","1,344","$ 22,960,820,732","$ 24,738,210,207","$ 1,018,618,262","29.53%","AMORTIZACION"
"2025 Sep 30 12:00:00 AM","ARAUCA","572","109","25","706","$ 22,900,370,383","$ 27,074,261,395","$ 114,910,974","8.17%","ESTUDIOS"
"2025 Sep 30 12:00:00 AM","ATLANTICO","12,605","4,674","3,692","20,971","$ 614,390,232,744","$ 662,622,702,397","$ 24,268,100,084","27.8%","AMORTIZACION"
"2025 Sep 30 12:00:00 AM","ATLANTICO","16,328","4,202","1,101","21,631","$ 785,517,972,739","$ 932,439,049,506","$ 5,455,524,829","13.58%","ESTUDIOS"
"2025 Sep 30 12:00:00 AM","BOLIVAR","6,013","2,358","2,146","10,517","$ 243,705,341,534","$ 264,769,028,055","$ 11,101,385,536","31.27%","AMORTIZACION"
"2025 Sep 30 12:00:00 AM","BOLIVAR","12,460","1,464","430","14,354","$ 452,370,884,942","$ 542,987,648,960","$ 1,649,909,659","7.07%","ESTUDIOS"
"2025 Sep 30 12:00:00 AM","BOYACA","3,692","1,092","632","5,416","$ 131,136,583,579","$ 141,304,750,647","$ 3,955,644,315","21.1%","AMORTIZACION"
"2025 Sep 30 12:00:00 AM","BOYACA","2,806","566","142","3,514","$ 119,756,551,324","$ 144,552,802,504","$ 719,050,364","11.91%","ESTUDIOS"
"2025 Sep 30 12:00:00 AM","CALDAS","2,436","677","341","3,454","$ 69,629,514,892","$ 74,637,831,493","$ 1,904,063,459","19.27%","AMORTIZACION"
"2025 Sep 30 12:00:00 AM","CALDAS","1,683","282","69","2,034","$ 63,478,115,309","$ 76,156,417,538","$ 324,579,420","9.24%","ESTUDIOS"
"2025 Sep 30 12:00:00 AM","CAQUETA","666","175","117","958","$ 14,173,401,674","$ 15,055,236,313","$ 437,506,263","18.34%","AMORTIZACION"
"2025 Sep 30 12:00:00 AM","CAQUETA","528","51","13","592","$ 20,138,193,307","$ 24,042,272,244","$ 51,878,967","6.26%","ESTUDIOS"
"2025 Sep 30 12:00:00 AM","CARTAGENA","1","0","0","1","$ 22,756,586","$ 27,079,250","$ 0","0%","AMORTIZACION"
"2025 Sep 30 12:00:00 AM","CASANARE","1,556","540","322","2,418","$ 46,443,922,368","$ 50,438,411,591","$ 1,621,696,144","24.18%","AMORTIZACION"
"2025 Sep 30 12:00:00 AM","CASANARE","1,011","173","64","1,248","$ 39,168,837,938","$ 47,311,009,650","$ 225,855,516","11.31%","ESTUDIOS"
"2025 Sep 30 12:00:00 AM","CAUCA","2,495","706","451","3,652","$ 53,684,255,612","$ 57,672,835,294","$ 1,794,337,957","21.81%","AMORTIZACION"
"2025 Sep 30 12:00:00 AM","CAUCA","1,941","248","65","2,254","$ 69,476,565,894","$ 82,038,638,604","$ 234,440,306","6.47%","ESTUDIOS"
"2025 Sep 30 12:00:00 AM","CESAR","1,725","694","616","3,035","$ 80,314,088,645","$ 86,332,015,217","$ 3,741,279,649","27.76%","AMORTIZACION"
"2025 Sep 30 12:00:00 AM","CESAR","5,876","765","204","6,845","$ 257,264,647,388","$ 302,203,285,432","$ 890,127,766","7.49%","ESTUDIOS"
"2025 Sep 30 12:00:00 AM","CHOCO","117","58","42","217","$ 5,095,245,966","$ 5,493,034,377","$ 221,415,676","27.29%","AMORTIZACION"
"2025 Sep 30 12:00:00 AM","CHOCO","384","79","17","480","$ 16,668,551,227","$ 19,446,148,570","$ 74,032,785","11.4%","ESTUDIOS"
"2025 Sep 30 12:00:00 AM","CORDOBA","7,054","2,713","2,916","12,683","$ 312,066,067,485","$ 339,490,950,825","$ 14,414,774,297","31.94%","AMORTIZACION"
"2025 Sep 30 12:00:00 AM","CORDOBA","20,003","1,592","566","22,161","$ 677,222,921,809","$ 795,519,960,883","$ 2,273,122,624","5.23%","ESTUDIOS"
"2025 Sep 30 12:00:00 AM","CUNDINAMARCA","8,211","1,958","1,163","11,332","$ 294,946,891,222","$ 315,301,892,182","$ 7,538,394,996","16.24%","AMORTIZACION"
"2025 Sep 30 12:00:00 AM","CUNDINAMARCA","7,586","1,090","281","8,957","$ 317,213,868,300","$ 385,808,432,140","$ 1,638,826,789","9.44%","ESTUDIOS"
"2025 Sep 30 12:00:00 AM","DISTRITO CAPITAL","35,132","7,957","4,000","47,089","$ 1,437,439,216,532","$ 1,523,681,156,532","$ 31,443,149,397","14.81%","AMORTIZACION"
"2025 Sep 30 12:00:00 AM","DISTRITO CAPITAL","26,604","4,316","1,084","32,004","$ 1,352,215,996,915","$ 1,631,530,273,958","$ 7,318,510,360","8.52%","ESTUDIOS"
"2025 Sep 30 12:00:00 AM","EXTRANJERO","49","6","2","57","$ 4,129,498,609","$ 4,460,727,013","$ 38,666,537","12.91%","AMORTIZACION"
"2025 Sep 30 12:00:00 AM","EXTRANJERO","40","0","0","40","$ 4,132,493,531","$ 5,256,675,094","$ 0","0%","ESTUDIOS"
"2025 Sep 30 12:00:00 AM","GUAINIA","21","12","6","39","$ 658,911,665","$ 710,974,453","$ 12,836,602","6.15%","AMORTIZACION"
"2025 Sep 30 12:00:00 AM","GUAINIA","30","3","3","36","$ 1,380,742,695","$ 1,638,623,599","$ 16,511,846","3.59%","ESTUDIOS"
"2025 Sep 30 12:00:00 AM","GUAVIARE","195","78","44","317","$ 5,050,547,330","$ 5,351,778,179","$ 181,867,487","21.56%","AMORTIZACION"
"2025 Sep 30 12:00:00 AM","GUAVIARE","208","21","8","237","$ 7,672,694,293","$ 9,136,151,590","$ 17,998,006","4.4%","ESTUDIOS"
"2025 Sep 30 12:00:00 AM","HUILA","2,263","580","372","3,215","$ 63,667,731,356","$ 68,310,881,672","$ 1,995,117,804","18.75%","AMORTIZACION"
"2025 Sep 30 12:00:00 AM","HUILA","1,916","290","65","2,271","$ 80,826,272,718","$ 96,189,159,407","$ 365,335,236","8.88%","ESTUDIOS"
"2025 Sep 30 12:00:00 AM","LA GUAJIRA","1,241","582","465","2,288","$ 71,343,360,043","$ 77,249,536,102","$ 3,298,915,885","33.6%","AMORTIZACION"
"2025 Sep 30 12:00:00 AM","LA GUAJIRA","3,959","697","251","4,907","$ 213,458,013,687","$ 250,162,756,108","$ 1,095,477,507","10.45%","ESTUDIOS"
"2025 Sep 30 12:00:00 AM","MAGDALENA","2,232","880","841","3,953","$ 97,004,614,326","$ 105,130,633,902","$ 4,749,831,590","31.24%","AMORTIZACION"
"2025 Sep 30 12:00:00 AM","MAGDALENA","4,676","799","239","5,714","$ 190,978,361,444","$ 226,191,351,005","$ 1,169,127,759","10.82%","ESTUDIOS"
"2025 Sep 30 12:00:00 AM","META","2,459","676","522","3,657","$ 78,296,292,221","$ 83,593,356,810","$ 2,806,348,310","23.11%","AMORTIZACION"
"2025 Sep 30 12:00:00 AM","META","2,021","329","84","2,434","$ 82,163,022,816","$ 99,186,302,827","$ 351,874,914","8.4%","ESTUDIOS"
"2025 Sep 30 12:00:00 AM","NARINO","4,320","1,085","668","6,073","$ 108,605,813,053","$ 115,356,934,277","$ 3,180,533,091","18.12%","AMORTIZACION"
"2025 Sep 30 12:00:00 AM","NARINO","5,732","627","166","6,525","$ 192,073,480,391","$ 225,781,692,556","$ 555,867,178","5.66%","ESTUDIOS"
"2025 Sep 30 12:00:00 AM","NORTE DE SANTANDER","2,973","900","594","4,467","$ 95,393,225,583","$ 102,084,666,301","$ 3,194,125,666","20.37%","AMORTIZACION"
"2025 Sep 30 12:00:00 AM","NORTE DE SANTANDER","2,188","378","101","2,667","$ 99,426,972,550","$ 118,158,711,042","$ 418,650,138","8.07%","ESTUDIOS"
"2025 Sep 30 12:00:00 AM","PUTUMAYO","1,025","326","247","1,598","$ 23,570,339,875","$ 25,705,470,798","$ 975,161,065","24.75%","AMORTIZACION"
"2025 Sep 30 12:00:00 AM","PUTUMAYO","1,042","82","33","1,157","$ 33,930,502,704","$ 40,083,064,331","$ 104,767,699","4.44%","ESTUDIOS"
"2025 Sep 30 12:00:00 AM","QUINDIO","1,565","390","274","2,229","$ 41,639,239,425","$ 44,164,275,294","$ 1,229,913,901","18.8%","AMORTIZACION"
"2025 Sep 30 12:00:00 AM","QUINDIO","1,055","152","50","1,257","$ 38,086,007,688","$ 45,893,039,470","$ 172,155,887","6.82%","ESTUDIOS"
"2025 Sep 30 12:00:00 AM","RISARALDA","2,618","636","356","3,610","$ 65,383,933,699","$ 69,592,002,345","$ 1,835,788,926","17.44%","AMORTIZACION"
"2025 Sep 30 12:00:00 AM","RISARALDA","1,496","241","50","1,787","$ 56,250,268,629","$ 66,804,388,860","$ 264,335,786","5.57%","ESTUDIOS"
"2025 Sep 30 12:00:00 AM","SAN ANDRES","124","47","24","195","$ 4,447,885,218","$ 4,745,023,876","$ 132,838,808","19.87%","AMORTIZACION"
"2025 Sep 30 12:00:00 AM","SAN ANDRES","90","26","14","130","$ 5,042,535,218","$ 6,053,827,503","$ 39,005,382","13.88%","ESTUDIOS"
"2025 Sep 30 12:00:00 AM","SANTANDER","7,260","2,044","1,111","10,415","$ 235,239,039,604","$ 251,619,300,199","$ 6,460,535,072","19.71%","AMORTIZACION"
"2025 Sep 30 12:00:00 AM","SANTANDER","5,004","823","242","6,069","$ 213,917,052,301","$ 256,879,633,960","$ 1,114,490,573","9.05%","ESTUDIOS"
"2025 Sep 30 12:00:00 AM","SUCRE","6,162","2,520","3,069","11,751","$ 255,565,963,977","$ 279,850,270,390","$ 13,691,329,099","35.79%","AMORTIZACION"
"2025 Sep 30 12:00:00 AM","SUCRE","13,122","1,176","453","14,751","$ 450,176,308,116","$ 535,476,562,618","$ 1,759,041,159","5.1%","ESTUDIOS"
"2025 Sep 30 12:00:00 AM","TOLIMA","3,139","809","514","4,462","$ 83,757,013,263","$ 89,224,591,832","$ 2,534,562,422","18.65%","AMORTIZACION"
"2025 Sep 30 12:00:00 AM","TOLIMA","2,063","275","83","2,421","$ 81,328,902,276","$ 97,940,286,345","$ 294,325,082","7.3%","ESTUDIOS"
"2025 Sep 30 12:00:00 AM","VALLE DEL CAUCA","12,114","2,998","1,677","16,789","$ 488,796,347,066","$ 518,392,974,927","$ 12,166,793,965","16.9%","AMORTIZACION"
"2025 Sep 30 12:00:00 AM","VALLE DEL CAUCA","10,697","1,976","510","13,183","$ 502,769,615,513","$ 605,732,939,934","$ 2,877,869,620","9.86%","ESTUDIOS"
"2025 Sep 30 12:00:00 AM","VAUPES","8","3","5","16","$ 358,417,321","$ 389,152,540","$ 34,332,823","53.08%","AMORTIZACION"
"2025 Sep 30 12:00:00 AM","VAUPES","23","2","1","26","$ 1,067,075,101","$ 1,232,749,781","$ 4,235,739","14.39%","ESTUDIOS"
"2025 Sep 30 12:00:00 AM","VICHADA","23","11","7","41","$ 708,257,944","$ 756,272,406","$ 31,991,911","21.68%","AMORTIZACION"
"2025 Sep 30 12:00:00 AM","VICHADA","27","6","1","34","$ 1,083,744,212","$ 1,297,101,400","$ 3,464,258","10.31%","ESTUDIOS"
"2025 Sep 30 12:00:00 AM","YOPAL","0","1","0","1","$ 9,326,278","$ 9,589,982","$ 207,513","0%","AMORTIZACION"
"2025 Dec 31 12:00:00 AM","AMAZONAS","97","33","17","147","$ 3,710,534,853","$ 4,025,041,484","$ 146,682,857","36.43%","AMORTIZACION"
"2025 Dec 31 12:00:00 AM","AMAZONAS","65","8","4","77","$ 2,668,087,006","$ 3,176,408,267","$ 15,831,873","4.73%","ESTUDIOS"
"2025 Dec 31 12:00:00 AM","ANTIOQUIA","9,890","2,643","1,347","13,880","$ 334,842,269,017","$ 356,150,771,499","$ 7,951,505,314","15.79%","AMORTIZACION"
"2025 Dec 31 12:00:00 AM","ANTIOQUIA","8,522","849","517","9,888","$ 378,286,568,447","$ 459,465,677,440","$ 1,776,280,004","6.96%","ESTUDIOS"
"2025 Dec 31 12:00:00 AM","ARAUCA","817","293","178","1,288","$ 23,017,671,664","$ 24,624,944,938","$ 802,304,677","25.79%","AMORTIZACION"
"2025 Dec 31 12:00:00 AM","ARAUCA","557","48","55","660","$ 21,766,875,651","$ 26,277,292,672","$ 134,634,566","10.03%","ESTUDIOS"
"2025 Dec 31 12:00:00 AM","ATLANTICO","13,147","5,007","3,242","21,396","$ 658,991,347,774","$ 707,949,023,591","$ 22,057,296,244","23.73%","AMORTIZACION"
"2025 Dec 31 12:00:00 AM","ATLANTICO","15,838","2,079","1,862","19,779","$ 732,435,238,090","$ 883,253,889,599","$ 5,241,320,416","10.68%","ESTUDIOS"
"2025 Dec 31 12:00:00 AM","BOLIVAR","6,275","2,885","1,909","11,069","$ 274,624,737,562","$ 296,372,829,692","$ 10,914,969,638","26.42%","AMORTIZACION"
"2025 Dec 31 12:00:00 AM","BOLIVAR","11,698","761","637","13,096","$ 432,294,090,373","$ 528,923,418,638","$ 1,522,420,474","5.47%","ESTUDIOS"
"2025 Dec 31 12:00:00 AM","BOYACA","3,666","1,120","549","5,335","$ 134,056,832,550","$ 143,914,052,224","$ 3,495,203,101","18.9%","AMORTIZACION"
"2025 Dec 31 12:00:00 AM","BOYACA","2,711","308","203","3,222","$ 110,362,111,410","$ 135,216,763,987","$ 649,407,336","9.88%","ESTUDIOS"
"2025 Dec 31 12:00:00 AM","CALDAS","2,460","618","314","3,392","$ 69,936,205,606","$ 74,888,233,525","$ 1,796,502,747","18.37%","AMORTIZACION"
"2025 Dec 31 12:00:00 AM","CALDAS","1,639","150","88","1,877","$ 58,383,081,596","$ 71,362,071,620","$ 255,767,599","6.19%","ESTUDIOS"
"2025 Dec 31 12:00:00 AM","CAQUETA","649","183","117","949","$ 14,944,782,163","$ 15,881,863,906","$ 523,146,373","19.46%","AMORTIZACION"
"2025 Dec 31 12:00:00 AM","CAQUETA","500","29","16","545","$ 19,274,275,697","$ 23,442,809,844","$ 51,925,403","5.25%","ESTUDIOS"
"2025 Dec 31 12:00:00 AM","CASANARE","1,584","537","294","2,415","$ 47,726,115,415","$ 51,751,050,864","$ 1,477,403,124","23.07%","AMORTIZACION"
"2025 Dec 31 12:00:00 AM","CASANARE","929","97","87","1,113","$ 36,046,647,956","$ 44,286,882,195","$ 206,179,905","10.08%","ESTUDIOS"
"2025 Dec 31 12:00:00 AM","CAUCA","2,479","705","385","3,569","$ 53,504,120,524","$ 57,254,709,635","$ 1,533,183,686","18.7%","AMORTIZACION"
"2025 Dec 31 12:00:00 AM","CAUCA","1,859","141","97","2,097","$ 66,336,804,344","$ 80,030,475,254","$ 239,921,010","6.55%","ESTUDIOS"
"2025 Dec 31 12:00:00 AM","CESAR","1,847","836","590","3,273","$ 93,843,152,362","$ 100,317,008,794","$ 3,908,254,960","26.07%","AMORTIZACION"
"2025 Dec 31 12:00:00 AM","CESAR","5,703","392","317","6,412","$ 254,326,507,459","$ 304,436,231,819","$ 811,502,052","5.71%","ESTUDIOS"
"2025 Dec 31 12:00:00 AM","CHOCO","126","65","44","235","$ 5,574,894,521","$ 6,013,468,074","$ 266,720,045","27.66%","AMORTIZACION"
"2025 Dec 31 12:00:00 AM","CHOCO","384","42","28","454","$ 16,778,674,298","$ 20,027,574,588","$ 54,475,392","7.62%","ESTUDIOS"
"2025 Dec 31 12:00:00 AM","CORDOBA","7,418","4,070","2,556","14,044","$ 358,093,140,518","$ 386,522,551,637","$ 14,897,847,280","27.28%","AMORTIZACION"
"2025 Dec 31 12:00:00 AM","CORDOBA","18,242","1,032","793","20,067","$ 659,490,529,780","$ 786,175,127,663","$ 2,214,662,898","5.21%","ESTUDIOS"
"2025 Dec 31 12:00:00 AM","CUNDINAMARCA","8,234","1,869","972","11,075","$ 296,323,730,212","$ 316,147,722,223","$ 6,584,003,310","15.63%","AMORTIZACION"
"2025 Dec 31 12:00:00 AM","CUNDINAMARCA","7,400","598","374","8,372","$ 295,871,373,098","$ 366,966,119,594","$ 1,439,152,706","7.58%","ESTUDIOS"
"2025 Dec 31 12:00:00 AM","DISTRITO CAPITAL","35,622","7,262","3,521","46,405","$ 1,459,319,060,603","$ 1,543,682,488,129","$ 27,176,276,276","13.89%","AMORTIZACION"
"2025 Dec 31 12:00:00 AM","DISTRITO CAPITAL","25,630","2,388","1,327","29,345","$ 1,232,862,036,233","$ 1,513,324,159,464","$ 6,058,535,004","6.69%","ESTUDIOS"
"2025 Dec 31 12:00:00 AM","EXTRANJERO","44","6","3","53","$ 3,586,024,049","$ 3,791,107,358","$ 43,586,608","6.27%","AMORTIZACION"
"2025 Dec 31 12:00:00 AM","EXTRANJERO","38","0","0","38","$ 3,966,969,840","$ 5,139,422,972","$ 0","0%","ESTUDIOS"
"2025 Dec 31 12:00:00 AM","GUAINIA","27","8","6","41","$ 1,132,301,176","$ 1,199,525,678","$ 23,100,769","7.87%","AMORTIZACION"
"2025 Dec 31 12:00:00 AM","GUAINIA","27","2","2","31","$ 1,032,775,713","$ 1,216,368,442","$ 10,119,838","3.9%","ESTUDIOS"
"2025 Dec 31 12:00:00 AM","GUAVIARE","209","66","46","321","$ 5,629,194,182","$ 5,923,445,580","$ 172,976,237","18.81%","AMORTIZACION"
"2025 Dec 31 12:00:00 AM","GUAVIARE","191","12","12","215","$ 7,164,619,021","$ 8,704,772,306","$ 20,282,254","6.07%","ESTUDIOS"
"2025 Dec 31 12:00:00 AM","HUILA","2,234","591","308","3,133","$ 64,414,307,309","$ 68,844,663,602","$ 1,671,483,685","17.6%","AMORTIZACION"
"2025 Dec 31 12:00:00 AM","HUILA","1,864","148","90","2,102","$ 77,278,380,633","$ 93,705,190,041","$ 263,269,494","5.77%","ESTUDIOS"
"2025 Dec 31 12:00:00 AM","LA GUAJIRA","1,376","674","463","2,513","$ 82,463,476,098","$ 88,681,835,815","$ 3,347,784,140","27.45%","AMORTIZACION"
"2025 Dec 31 12:00:00 AM","LA GUAJIRA","3,864","352","329","4,545","$ 207,399,447,039","$ 248,057,455,217","$ 900,662,759","8.13%","ESTUDIOS"
"2025 Dec 31 12:00:00 AM","MAGDALENA","2,273","1,109","771","4,153","$ 109,176,830,839","$ 117,561,799,604","$ 4,784,636,042","29.57%","AMORTIZACION"
"2025 Dec 31 12:00:00 AM","MAGDALENA","4,437","412","368","5,217","$ 182,527,269,990","$ 219,569,661,422","$ 1,017,300,240","8.3%","ESTUDIOS"
"2025 Dec 31 12:00:00 AM","META","2,481","725","386","3,592","$ 81,730,804,521","$ 86,906,297,179","$ 2,253,893,952","20.06%","AMORTIZACION"
"2025 Dec 31 12:00:00 AM","META","1,909","173","118","2,200","$ 75,255,560,113","$ 92,241,705,260","$ 319,840,717","6.99%","ESTUDIOS"
"2025 Dec 31 12:00:00 AM","NARINO","4,367","1,153","613","6,133","$ 115,228,376,057","$ 121,944,068,313","$ 2,977,992,199","17.13%","AMORTIZACION"
"2025 Dec 31 12:00:00 AM","NARINO","5,434","366","234","6,034","$ 185,046,837,701","$ 221,482,191,441","$ 569,314,722","5.69%","ESTUDIOS"
"2025 Dec 31 12:00:00 AM","NORTE DE SANTANDER","2,978","868","504","4,350","$ 95,612,992,397","$ 102,017,115,116","$ 2,679,423,009","18.71%","AMORTIZACION"
"2025 Dec 31 12:00:00 AM","NORTE DE SANTANDER","2,111","207","140","2,458","$ 93,678,503,754","$ 113,464,511,949","$ 310,790,348","5.69%","ESTUDIOS"
"2025 Dec 31 12:00:00 AM","PUTUMAYO","983","358","209","1,550","$ 23,553,456,050","$ 25,616,986,520","$ 904,188,117","24.7%","AMORTIZACION"
"2025 Dec 31 12:00:00 AM","PUTUMAYO","991","42","45","1,078","$ 32,961,825,403","$ 39,924,522,501","$ 105,925,989","5.65%","ESTUDIOS"
"2025 Dec 31 12:00:00 AM","QUINDIO","1,598","357","229","2,184","$ 42,196,219,247","$ 44,646,738,236","$ 1,070,140,155","16.85%","AMORTIZACION"
"2025 Dec 31 12:00:00 AM","QUINDIO","1,005","95","54","1,154","$ 35,028,558,315","$ 42,962,991,198","$ 133,136,167","6.18%","ESTUDIOS"
"2025 Dec 31 12:00:00 AM","RISARALDA","2,583","661","298","3,542","$ 66,361,045,805","$ 70,356,415,175","$ 1,572,809,095","16.56%","AMORTIZACION"
"2025 Dec 31 12:00:00 AM","RISARALDA","1,436","138","61","1,635","$ 51,759,416,561","$ 62,617,473,496","$ 185,232,703","4.84%","ESTUDIOS"
"2025 Dec 31 12:00:00 AM","SAN ANDRES","136","36","28","200","$ 4,660,579,832","$ 4,985,632,879","$ 139,430,169","24.39%","AMORTIZACION"
"2025 Dec 31 12:00:00 AM","SAN ANDRES","87","14","14","115","$ 4,670,433,493","$ 5,747,241,746","$ 38,409,764","12.01%","ESTUDIOS"
"2025 Dec 31 12:00:00 AM","SANTANDER","7,268","1,991","932","10,191","$ 239,062,791,176","$ 254,733,182,216","$ 5,649,660,735","16.97%","AMORTIZACION"
"2025 Dec 31 12:00:00 AM","SANTANDER","4,750","493","298","5,541","$ 197,341,019,599","$ 240,858,565,228","$ 924,980,124","6.96%","ESTUDIOS"
"2025 Dec 31 12:00:00 AM","SUCRE","6,523","3,472","2,660","12,655","$ 293,149,239,088","$ 319,113,223,505","$ 13,742,707,817","30.14%","AMORTIZACION"
"2025 Dec 31 12:00:00 AM","SUCRE","11,647","649","692","12,988","$ 427,688,091,788","$ 516,060,702,022","$ 1,715,068,871","5.2%","ESTUDIOS"
"2025 Dec 31 12:00:00 AM","TOLIMA","3,110","778","427","4,315","$ 83,944,534,329","$ 89,212,260,349","$ 2,165,131,618","17.53%","AMORTIZACION"
"2025 Dec 31 12:00:00 AM","TOLIMA","1,941","175","93","2,209","$ 76,332,713,797","$ 93,643,656,986","$ 278,209,885","5.99%","ESTUDIOS"
"2025 Dec 31 12:00:00 AM","VALLE DEL CAUCA","12,323","2,859","1,462","16,644","$ 497,888,151,591","$ 527,330,202,800","$ 10,745,066,688","16.18%","AMORTIZACION"
"2025 Dec 31 12:00:00 AM","VALLE DEL CAUCA","10,354","1,147","725","12,226","$ 466,667,369,514","$ 572,129,000,723","$ 2,663,295,938","8.82%","ESTUDIOS"
"2025 Dec 31 12:00:00 AM","VAUPES","9","2","4","15","$ 383,694,291","$ 412,950,667","$ 27,461,049","50.78%","AMORTIZACION"
"2025 Dec 31 12:00:00 AM","VAUPES","24","1","1","26","$ 1,073,826,815","$ 1,278,710,224","$ 4,092,290","9.25%","ESTUDIOS"
"2025 Dec 31 12:00:00 AM","VICHADA","21","10","10","41","$ 779,240,022","$ 840,975,742","$ 46,325,505","51.71%","AMORTIZACION"
"2025 Dec 31 12:00:00 AM","VICHADA","24","6","0","30","$ 979,199,345","$ 1,177,059,278","$ 1,983,587","0.37%","ESTUDIOS"
"2026 Mar 31 12:00:00 AM","AMAZONAS","89","32","28","149","$ 3,850,323,599","$ 4,212,131,720","$ 198,582,725","36.05%","AMORTIZACION"
"2026 Mar 31 12:00:00 AM","AMAZONAS","53","13","3","69","$ 2,715,085,272","$ 3,275,935,274","$ 21,244,239","14.96%","ESTUDIOS"
"2026 Mar 31 12:00:00 AM","ANTIOQUIA","9,925","2,689","1,513","14,127","$ 354,268,963,539","$ 377,456,830,066","$ 9,712,002,009","17.45%","AMORTIZACION"
"2026 Mar 31 12:00:00 AM","ANTIOQUIA","7,513","1,195","310","9,018","$ 389,477,825,170","$ 473,121,107,676","$ 1,629,748,938","8.32%","ESTUDIOS"
"2026 Mar 31 12:00:00 AM","ARAUCA","828","287","185","1,300","$ 24,302,747,223","$ 26,169,916,484","$ 970,912,346","28.53%","AMORTIZACION"
"2026 Mar 31 12:00:00 AM","ARAUCA","502","78","34","614","$ 22,473,195,144","$ 27,249,509,160","$ 118,373,172","8.82%","ESTUDIOS"
"2026 Mar 31 12:00:00 AM","ATLANTICO","13,340","4,756","3,886","21,982","$ 687,322,798,050","$ 745,203,310,436","$ 27,968,616,102","29.48%","AMORTIZACION"
"2026 Mar 31 12:00:00 AM","ATLANTICO","14,235","3,523","950","18,708","$ 753,730,173,799","$ 918,820,857,362","$ 5,166,735,047","13.4%","ESTUDIOS"
"2026 Mar 31 12:00:00 AM","BOLIVAR","6,403","2,490","2,448","11,341","$ 286,453,424,674","$ 312,963,798,331","$ 14,162,977,569","33.31%","AMORTIZACION"
"2026 Mar 31 12:00:00 AM","BOLIVAR","10,952","1,295","347","12,594","$ 462,052,702,863","$ 572,907,684,345","$ 1,491,595,742","6.43%","ESTUDIOS"
"2026 Mar 31 12:00:00 AM","BOYACA","3,736","1,100","603","5,439","$ 140,932,376,394","$ 151,803,825,822","$ 4,074,711,522","20.54%","AMORTIZACION"
"2026 Mar 31 12:00:00 AM","BOYACA","2,324","469","118","2,911","$ 111,762,957,889","$ 137,103,622,806","$ 636,381,142","11.72%","ESTUDIOS"
"2026 Mar 31 12:00:00 AM","CALDAS","2,455","629","336","3,420","$ 72,910,515,859","$ 78,318,031,732","$ 2,155,885,820","19.72%","AMORTIZACION"
"2026 Mar 31 12:00:00 AM","CALDAS","1,463","193","47","1,703","$ 60,442,214,919","$ 73,726,020,002","$ 214,907,838","6.9%","ESTUDIOS"
"2026 Mar 31 12:00:00 AM","CAQUETA","651","182","131","964","$ 16,198,030,135","$ 17,286,880,534","$ 622,680,230","20.64%","AMORTIZACION"
"2026 Mar 31 12:00:00 AM","CAQUETA","427","39","15","481","$ 19,938,269,357","$ 24,274,888,622","$ 60,249,468","7.07%","ESTUDIOS"
"2026 Mar 31 12:00:00 AM","CASANARE","1,546","566","331","2,443","$ 49,320,257,373","$ 53,840,184,222","$ 1,790,747,644","26.22%","AMORTIZACION"
"2026 Mar 31 12:00:00 AM","CASANARE","794","156","54","1,004","$ 37,078,477,392","$ 45,719,471,866","$ 197,984,151","12.66%","ESTUDIOS"
"2026 Mar 31 12:00:00 AM","CAUCA","2,423","766","416","3,605","$ 57,113,545,465","$ 61,366,820,399","$ 1,922,019,012","23.22%","AMORTIZACION"
"2026 Mar 31 12:00:00 AM","CAUCA","1,634","243","59","1,936","$ 69,135,576,926","$ 83,797,197,216","$ 252,758,948","7.51%","ESTUDIOS"
"2026 Mar 31 12:00:00 AM","CESAR","2,020","750","741","3,511","$ 103,460,604,550","$ 111,453,060,018","$ 5,067,730,699","31.7%","AMORTIZACION"
"2026 Mar 31 12:00:00 AM","CESAR","5,228","693","176","6,097","$ 276,432,110,289","$ 333,861,015,694","$ 811,309,576","7.07%","ESTUDIOS"
"2026 Mar 31 12:00:00 AM","CHOCO","136","62","52","250","$ 6,088,872,453","$ 6,589,141,169","$ 300,003,492","29.58%","AMORTIZACION"
"2026 Mar 31 12:00:00 AM","CHOCO","360","65","15","440","$ 18,055,826,569","$ 21,816,822,564","$ 50,664,317","12.06%","ESTUDIOS"
"2026 Mar 31 12:00:00 AM","CORDOBA","14,521","0","0","14,521","$ 369,923,885,891","$ 403,334,660,866","$ 0","0%","AMORTIZACION"
"2026 Mar 31 12:00:00 AM","CORDOBA","17,729","1,169","501","19,399","$ 710,692,370,543","$ 851,601,322,502","$ 2,054,311,557","5.27%","ESTUDIOS"
"2026 Mar 31 12:00:00 AM","CUNDINAMARCA","8,179","2,011","1,035","11,225","$ 309,951,496,734","$ 331,453,598,094","$ 7,869,723,794","17.29%","AMORTIZACION"
"2026 Mar 31 12:00:00 AM","CUNDINAMARCA","6,704","792","239","7,735","$ 304,264,702,678","$ 377,139,375,908","$ 1,389,076,166","8.27%","ESTUDIOS"
"2026 Mar 31 12:00:00 AM","DISTRITO CAPITAL","35,444","8,195","3,774","47,413","$ 1,550,006,894,704","$ 1,643,136,215,012","$ 33,712,638,606","15.79%","AMORTIZACION"
"2026 Mar 31 12:00:00 AM","DISTRITO CAPITAL","22,353","3,306","876","26,535","$ 1,237,138,314,425","$ 1,510,142,743,403","$ 6,047,802,008","7.93%","ESTUDIOS"
"2026 Mar 31 12:00:00 AM","EXTRANJERO","51","6","3","60","$ 3,831,869,802","$ 3,969,466,935","$ 71,015,388","13.16%","AMORTIZACION"
"2026 Mar 31 12:00:00 AM","EXTRANJERO","28","0","0","28","$ 3,125,918,916","$ 4,051,885,914","$ 0","0%","ESTUDIOS"
"2026 Mar 31 12:00:00 AM","GUAINIA","22","14","7","43","$ 1,153,482,695","$ 1,239,003,079","$ 30,050,150","36.35%","AMORTIZACION"
"2026 Mar 31 12:00:00 AM","GUAINIA","24","3","1","28","$ 1,113,175,916","$ 1,329,327,527","$ 6,191,875","9.86%","ESTUDIOS"
"2026 Mar 31 12:00:00 AM","GUAVIARE","212","63","46","321","$ 5,869,103,497","$ 6,242,119,234","$ 212,106,739","21.88%","AMORTIZACION"
"2026 Mar 31 12:00:00 AM","GUAVIARE","168","22","7","197","$ 7,480,022,064","$ 9,164,389,276","$ 10,258,041","3.75%","ESTUDIOS"
"2026 Mar 31 12:00:00 AM","HUILA","2,211","618","340","3,169","$ 69,299,113,190","$ 74,214,664,004","$ 2,076,703,328","20.64%","AMORTIZACION"
"2026 Mar 31 12:00:00 AM","HUILA","1,661","225","55","1,941","$ 81,183,847,775","$ 98,339,909,689","$ 286,669,267","7.62%","ESTUDIOS"
"2026 Mar 31 12:00:00 AM","LA GUAJIRA","1,447","578","620","2,645","$ 87,943,621,448","$ 95,709,434,336","$ 4,578,432,456","34.04%","AMORTIZACION"
"2026 Mar 31 12:00:00 AM","LA GUAJIRA","3,598","595","187","4,380","$ 226,932,849,236","$ 274,502,978,851","$ 817,860,935","9.22%","ESTUDIOS"
"2026 Mar 31 12:00:00 AM","MAGDALENA","2,395","940","1,001","4,336","$ 115,624,990,657","$ 125,792,219,188","$ 6,076,393,981","34.37%","AMORTIZACION"
"2026 Mar 31 12:00:00 AM","MAGDALENA","4,031","720","209","4,960","$ 194,524,599,205","$ 236,515,703,260","$ 979,899,513","10.06%","ESTUDIOS"
"2026 Mar 31 12:00:00 AM","META","2,462","733","480","3,675","$ 85,936,061,822","$ 91,878,876,258","$ 2,851,296,375","23.01%","AMORTIZACION"
"2026 Mar 31 12:00:00 AM","META","1,690","250","81","2,021","$ 75,597,660,093","$ 93,104,214,176","$ 334,006,367","7.2%","ESTUDIOS"
"2026 Mar 31 12:00:00 AM","NARINO","4,321","1,190","700","6,211","$ 121,000,062,371","$ 128,779,976,887","$ 3,753,452,086","20.82%","AMORTIZACION"
"2026 Mar 31 12:00:00 AM","NARINO","5,085","519","113","5,717","$ 195,789,945,665","$ 236,368,926,925","$ 452,820,873","4.68%","ESTUDIOS"
"2026 Mar 31 12:00:00 AM","NORTE DE SANTANDER","2,859","964","568","4,391","$ 99,415,461,249","$ 106,747,580,197","$ 3,473,866,643","23.36%","AMORTIZACION"
"2026 Mar 31 12:00:00 AM","NORTE DE SANTANDER","1,883","301","81","2,265","$ 95,931,093,188","$ 117,122,715,252","$ 333,145,344","7.72%","ESTUDIOS"
"2026 Mar 31 12:00:00 AM","PUTUMAYO","920","378","247","1,545","$ 24,763,583,787","$ 27,051,822,796","$ 1,222,075,362","31.68%","AMORTIZACION"
"2026 Mar 31 12:00:00 AM","PUTUMAYO","925","60","26","1,011","$ 35,257,284,478","$ 43,042,368,174","$ 86,806,104","4.28%","ESTUDIOS"
"2026 Mar 31 12:00:00 AM","QUINDIO","1,558","408","244","2,210","$ 44,840,955,679","$ 47,565,069,312","$ 1,322,004,551","18.83%","AMORTIZACION"
"2026 Mar 31 12:00:00 AM","QUINDIO","883","132","29","1,044","$ 35,711,031,357","$ 43,574,078,590","$ 130,383,467","6.22%","ESTUDIOS"
"2026 Mar 31 12:00:00 AM","RISARALDA","2,493","676","341","3,510","$ 68,517,463,864","$ 72,927,891,164","$ 1,930,849,061","18.56%","AMORTIZACION"
"2026 Mar 31 12:00:00 AM","RISARALDA","1,266","195","44","1,505","$ 53,422,720,451","$ 64,565,715,628","$ 200,573,852","6.33%","ESTUDIOS"
"2026 Mar 31 12:00:00 AM","SAN ANDRES","129","49","31","209","$ 5,073,788,124","$ 5,448,013,410","$ 180,510,240","24.01%","AMORTIZACION"
"2026 Mar 31 12:00:00 AM","SAN ANDRES","71","19","10","100","$ 4,604,819,156","$ 5,712,513,233","$ 28,524,137","19.13%","ESTUDIOS"
"2026 Mar 31 12:00:00 AM","SANTANDER","7,154","2,115","1,009","10,278","$ 249,964,452,248","$ 267,489,827,594","$ 6,905,738,912","19.67%","AMORTIZACION"
"2026 Mar 31 12:00:00 AM","SANTANDER","4,178","655","185","5,018","$ 197,613,275,057","$ 241,913,188,502","$ 883,964,095","8.54%","ESTUDIOS"
"2026 Mar 31 12:00:00 AM","SUCRE","6,960","2,573","3,446","12,979","$ 302,455,349,772","$ 334,828,738,530","$ 16,904,452,900","34.74%","AMORTIZACION"
"2026 Mar 31 12:00:00 AM","SUCRE","11,080","1,035","343","12,458","$ 461,104,775,322","$ 562,954,492,627","$ 1,323,768,264","4.54%","ESTUDIOS"
"2026 Mar 31 12:00:00 AM","TOLIMA","3,059","811","471","4,341","$ 87,760,673,614","$ 93,685,687,361","$ 2,770,904,785","20.87%","AMORTIZACION"
"2026 Mar 31 12:00:00 AM","TOLIMA","1,710","253","54","2,017","$ 78,059,834,835","$ 95,915,463,298","$ 304,541,592","7.46%","ESTUDIOS"
"2026 Mar 31 12:00:00 AM","VALLE DEL CAUCA","12,374","3,070","1,606","17,050","$ 527,316,726,066","$ 560,254,789,119","$ 13,173,650,548","17.58%","AMORTIZACION"
"2026 Mar 31 12:00:00 AM","VALLE DEL CAUCA","9,373","1,570","433","11,376","$ 476,513,724,572","$ 582,328,780,704","$ 2,467,507,891","8.93%","ESTUDIOS"
"2026 Mar 31 12:00:00 AM","VAUPES","7","3","5","15","$ 379,328,896","$ 415,730,653","$ 41,664,826","58.24%","AMORTIZACION"
"2026 Mar 31 12:00:00 AM","VAUPES","23","2","1","26","$ 1,165,653,475","$ 1,413,034,736","$ 6,391,174","8.41%","ESTUDIOS"
"2026 Mar 31 12:00:00 AM","VICHADA","23","9","11","43","$ 803,740,805","$ 877,806,788","$ 61,971,349","43.31%","AMORTIZACION"
"2026 Mar 31 12:00:00 AM","VICHADA","24","4","1","29","$ 1,025,426,273","$ 1,250,992,522","$ 2,205,874","10.74%","ESTUDIOS"
"2026 Jun 30 12:00:00 AM","AMAZONAS","93","30","20","143","$ 3,657,353,861","$ 3,965,165,853","$ 174,038,696","41.59%","AMORTIZACION"
"2026 Jun 30 12:00:00 AM","AMAZONAS","52","7","5","64","$ 2,638,818,535","$ 3,238,964,192","$ 13,701,278","12.57%","ESTUDIOS"
"2026 Jun 30 12:00:00 AM","ANTIOQUIA","9,876","2,640","1,382","13,898","$ 365,649,654,993","$ 387,370,426,202","$ 7,850,735,348","14.87%","AMORTIZACION"
"2026 Jun 30 12:00:00 AM","ANTIOQUIA","7,338","832","398","8,568","$ 374,370,315,874","$ 460,210,999,920","$ 1,483,670,863","7.1%","ESTUDIOS"
"2026 Jun 30 12:00:00 AM","ARAUCA","824","281","178","1,283","$ 24,879,714,720","$ 26,561,120,491","$ 896,688,038","25.26%","AMORTIZACION"
"2026 Jun 30 12:00:00 AM","ARAUCA","474","47","46","567","$ 21,347,050,187","$ 26,229,568,537","$ 118,186,912","9.99%","ESTUDIOS"
"2026 Jun 30 12:00:00 AM","ATLANTICO","14,388","4,512","3,422","22,322","$ 732,222,700,551","$ 784,680,920,141","$ 23,124,728,408","23.76%","AMORTIZACION"
"2026 Jun 30 12:00:00 AM","ATLANTICO","13,826","2,106","1,576","17,508","$ 740,305,942,069","$ 906,882,032,568","$ 4,782,413,171","10.56%","ESTUDIOS"
"2026 Jun 30 12:00:00 AM","BOLIVAR","7,203","2,386","2,179","11,768","$ 324,704,921,089","$ 348,830,353,823","$ 11,847,509,965","25.34%","AMORTIZACION"
"2026 Jun 30 12:00:00 AM","BOLIVAR","10,247","846","586","11,679","$ 446,558,476,560","$ 559,257,485,981","$ 1,505,544,289","5.65%","ESTUDIOS"
"2026 Jun 30 12:00:00 AM","BOYACA","3,744","1,069","537","5,350","$ 142,257,730,231","$ 152,239,965,418","$ 3,482,744,385","19.54%","AMORTIZACION"
"2026 Jun 30 12:00:00 AM","BOYACA","2,268","280","177","2,725","$ 105,776,017,481","$ 131,326,119,290","$ 622,987,951","10.78%","ESTUDIOS"
"2026 Jun 30 12:00:00 AM","CALDAS","2,433","595","297","3,325","$ 73,953,561,266","$ 79,099,912,526","$ 1,813,937,268","17.43%","AMORTIZACION"
"2026 Jun 30 12:00:00 AM","CALDAS","1,390","150","72","1,612","$ 58,151,474,185","$ 71,581,464,991","$ 229,008,994","6.07%","ESTUDIOS"
"2026 Jun 30 12:00:00 AM","CAQUETA","641","185","111","937","$ 16,592,885,590","$ 17,517,112,960","$ 460,271,492","17.9%","AMORTIZACION"
"2026 Jun 30 12:00:00 AM","CAQUETA","411","38","14","463","$ 19,309,215,604","$ 23,748,445,707","$ 59,052,833","6.14%","ESTUDIOS"
"2026 Jun 30 12:00:00 AM","CASANARE","1,571","503","324","2,398","$ 51,204,778,832","$ 55,235,482,368","$ 1,424,367,026","21.09%","AMORTIZACION"
"2026 Jun 30 12:00:00 AM","CASANARE","734","108","69","911","$ 33,633,981,324","$ 41,937,631,849","$ 199,968,121","11.91%","ESTUDIOS"
"2026 Jun 30 12:00:00 AM","CAUCA","2,400","746","379","3,525","$ 59,287,635,819","$ 63,047,500,826","$ 1,540,544,283","18.23%","AMORTIZACION"
"2026 Jun 30 12:00:00 AM","CAUCA","1,612","137","96","1,845","$ 66,702,170,567","$ 81,792,830,155","$ 258,635,667","7.59%","ESTUDIOS"
"2026 Jun 30 12:00:00 AM","CESAR","2,242","765","707","3,714","$ 120,674,434,977","$ 128,308,391,064","$ 4,449,484,756","24.1%","AMORTIZACION"
"2026 Jun 30 12:00:00 AM","CESAR","5,194","388","275","5,857","$ 271,366,150,344","$ 332,293,361,285","$ 778,213,645","5.69%","ESTUDIOS"
"2026 Jun 30 12:00:00 AM","CHOCO","157","56","52","265","$ 7,543,801,955","$ 8,200,256,849","$ 340,950,747","33.17%","AMORTIZACION"
"2026 Jun 30 12:00:00 AM","CHOCO","354","40","25","419","$ 17,568,499,295","$ 21,547,006,867","$ 54,912,076","6.85%","ESTUDIOS"
"2026 Jun 30 12:00:00 AM","CORDOBA","8,479","7,732","0","16,211","$ 442,557,385,934","$ 477,654,302,960","$ 6,130,638,395","32.34%","AMORTIZACION"
"2026 Jun 30 12:00:00 AM","CORDOBA","17,893","164","1","18,058","$ 689,340,625,753","$ 826,977,523,364","$ 75,130,651","0.04%","ESTUDIOS"
"2026 Jun 30 12:00:00 AM","CUNDINAMARCA","8,294","1,934","872","11,100","$ 315,681,159,489","$ 335,391,726,857","$ 6,056,563,291","14.75%","AMORTIZACION"
"2026 Jun 30 12:00:00 AM","CUNDINAMARCA","6,413","612","284","7,309","$ 288,116,542,545","$ 361,910,261,039","$ 1,213,242,095","6.9%","ESTUDIOS"
"2026 Jun 30 12:00:00 AM","DISTRITO CAPITAL","35,238","7,860","3,484","46,582","$ 1,570,054,790,151","$ 1,659,226,404,046","$ 28,283,066,448","13.99%","AMORTIZACION"
"2026 Jun 30 12:00:00 AM","DISTRITO CAPITAL","21,599","2,578","1,017","25,194","$ 1,183,294,745,544","$ 1,455,402,818,858","$ 5,333,014,137","7.01%","ESTUDIOS"
"2026 Jun 30 12:00:00 AM","EXTRANJERO","52","3","3","58","$ 3,727,642,775","$ 3,866,297,665","$ 59,293,633","6.39%","AMORTIZACION"
"2026 Jun 30 12:00:00 AM","EXTRANJERO","27","0","0","27","$ 2,932,182,920","$ 3,864,094,246","$ 0","0%","ESTUDIOS"
"2026 Jun 30 12:00:00 AM","GUAINIA","24","9","10","43","$ 1,215,043,963","$ 1,309,397,896","$ 59,504,652","39.68%","AMORTIZACION"
"2026 Jun 30 12:00:00 AM","GUAINIA","23","0","3","26","$ 1,066,426,516","$ 1,301,189,412","$ 3,602,851","11.04%","ESTUDIOS"
"2026 Jun 30 12:00:00 AM","GUAVIARE","217","67","44","328","$ 6,685,469,726","$ 7,044,237,938","$ 208,806,650","19.34%","AMORTIZACION"
"2026 Jun 30 12:00:00 AM","GUAVIARE","155","13","7","175","$ 6,841,735,112","$ 8,502,157,180","$ 8,441,548","6.23%","ESTUDIOS"
"2026 Jun 30 12:00:00 AM","HUILA","2,174","627","320","3,121","$ 70,618,166,495","$ 75,044,070,890","$ 1,573,201,574","16.01%","AMORTIZACION"
"2026 Jun 30 12:00:00 AM","HUILA","1,620","167","68","1,855","$ 78,376,707,409","$ 96,167,409,025","$ 252,564,827","5.71%","ESTUDIOS"
"2026 Jun 30 12:00:00 AM","LA GUAJIRA","1,623","609","595","2,827","$ 103,102,000,693","$ 110,354,204,238","$ 4,336,335,533","26.6%","AMORTIZACION"
"2026 Jun 30 12:00:00 AM","LA GUAJIRA","3,466","407","300","4,173","$ 222,257,802,011","$ 272,534,483,600","$ 935,660,521","8.59%","ESTUDIOS"
"2026 Jun 30 12:00:00 AM","MAGDALENA","2,620","967","894","4,481","$ 127,931,567,899","$ 137,151,167,243","$ 5,238,114,076","28.26%","AMORTIZACION"
"2026 Jun 30 12:00:00 AM","MAGDALENA","3,871","414","355","4,640","$ 188,410,178,678","$ 231,894,865,298","$ 994,610,542","8.37%","ESTUDIOS"
"2026 Jun 30 12:00:00 AM","META","2,543","702","410","3,655","$ 90,852,390,449","$ 96,404,348,575","$ 2,141,610,251","18.71%","AMORTIZACION"
"2026 Jun 30 12:00:00 AM","META","1,566","193","96","1,855","$ 70,833,875,078","$ 87,636,220,078","$ 339,100,746","8.64%","ESTUDIOS"
"2026 Jun 30 12:00:00 AM","NARINO","4,516","1,161","642","6,319","$ 132,181,722,482","$ 139,241,730,975","$ 3,138,597,248","17.02%","AMORTIZACION"
"2026 Jun 30 12:00:00 AM","NARINO","4,889","399","168","5,456","$ 191,289,529,765","$ 233,259,831,145","$ 458,773,932","4.67%","ESTUDIOS"
"2026 Jun 30 12:00:00 AM","NORTE DE SANTANDER","2,922","852","526","4,300","$ 102,225,295,953","$ 108,602,374,938","$ 2,525,072,428","17.67%","AMORTIZACION"
"2026 Jun 30 12:00:00 AM","NORTE DE SANTANDER","1,790","239","118","2,147","$ 95,049,089,672","$ 116,785,299,760","$ 306,114,488","6.36%","ESTUDIOS"
"2026 Jun 30 12:00:00 AM","PUTUMAYO","964","337","216","1,517","$ 26,261,493,790","$ 28,164,001,444","$ 932,154,975","23.89%","AMORTIZACION"
"2026 Jun 30 12:00:00 AM","PUTUMAYO","857","56","34","947","$ 34,151,212,745","$ 42,220,788,405","$ 99,476,934","5.34%","ESTUDIOS"
"2026 Jun 30 12:00:00 AM","QUINDIO","1,531","410","203","2,144","$ 45,004,618,783","$ 47,457,939,869","$ 1,057,888,602","16.99%","AMORTIZACION"
"2026 Jun 30 12:00:00 AM","QUINDIO","845","100","39","984","$ 33,535,348,132","$ 41,553,381,144","$ 136,680,188","5.87%","ESTUDIOS"
"2026 Jun 30 12:00:00 AM","RISARALDA","2,475","617","315","3,407","$ 69,028,078,075","$ 73,076,616,309","$ 1,643,196,284","16.93%","AMORTIZACION"
"2026 Jun 30 12:00:00 AM","RISARALDA","1,241","139","51","1,431","$ 50,656,902,024","$ 61,911,473,682","$ 164,660,351","6.22%","ESTUDIOS"
"2026 Jun 30 12:00:00 AM","SAN ANDRES","130","43","38","211","$ 5,673,904,491","$ 6,062,704,647","$ 248,010,801","28.21%","AMORTIZACION"
"2026 Jun 30 12:00:00 AM","SAN ANDRES","66","15","8","89","$ 4,175,629,780","$ 5,167,051,546","$ 21,796,923","14.88%","ESTUDIOS"
"2026 Jun 30 12:00:00 AM","SANTANDER","7,125","2,010","905","10,040","$ 252,729,134,242","$ 268,284,393,921","$ 5,356,765,763","17%","AMORTIZACION"
"2026 Jun 30 12:00:00 AM","SANTANDER","3,955","476","234","4,665","$ 189,839,976,861","$ 234,348,086,300","$ 762,419,042","7%","ESTUDIOS"
"2026 Jun 30 12:00:00 AM","SUCRE","7,745","2,690","3,174","13,609","$ 348,991,764,695","$ 378,572,129,146","$ 15,196,261,474","29.74%","AMORTIZACION"
"2026 Jun 30 12:00:00 AM","SUCRE","9,879","741","585","11,205","$ 429,062,273,159","$ 528,451,576,197","$ 1,400,425,396","5.07%","ESTUDIOS"
"2026 Jun 30 12:00:00 AM","TOLIMA","3,024","796","404","4,224","$ 90,464,710,613","$ 95,771,200,762","$ 2,143,114,495","17.36%","AMORTIZACION"
"2026 Jun 30 12:00:00 AM","TOLIMA","1,622","172","75","1,869","$ 73,055,173,767","$ 90,719,328,381","$ 259,539,185","5.84%","ESTUDIOS"
"2026 Jun 30 12:00:00 AM","VALLE DEL CAUCA","12,356","3,002","1,504","16,862","$ 539,411,458,289","$ 570,465,537,879","$ 11,018,426,001","15.62%","AMORTIZACION"
"2026 Jun 30 12:00:00 AM","VALLE DEL CAUCA","9,218","1,151","554","10,923","$ 462,228,379,477","$ 568,839,244,841","$ 2,363,720,191","8.86%","ESTUDIOS"
"2026 Jun 30 12:00:00 AM","VAUPES","11","4","2","17","$ 554,520,521","$ 581,408,230","$ 17,585,927","12.55%","AMORTIZACION"
"2026 Jun 30 12:00:00 AM","VAUPES","21","0","2","23","$ 1,015,346,545","$ 1,246,586,052","$ 8,328,206","11.02%","ESTUDIOS"
"2026 Jun 30 12:00:00 AM","VICHADA","25","12","7","44","$ 821,832,597","$ 895,593,526","$ 55,188,044","43.45%","AMORTIZACION"
"2026 Jun 30 12:00:00 AM","VICHADA","21","4","1","26","$ 948,903,223","$ 1,183,570,767","$ 2,391,080","10.94%","ESTUDIOS"
